CustomerID,Recency,Frequency,GrossMonetary,CancelledValue,Monetary,R_Score,F_Score,M_Score,Segment
12346,326,1,77183.6,77183.6,0,1,1,1,Lost
12347,2,7,4310,0,4310,4,4,4,Champions
12348,75,4,1797.24,0,1797.24,2,3,4,At Risk
12349,19,1,1757.55,0,1757.55,3,1,4,Regular Customers
12350,310,1,334.4,0,334.4,1,1,2,Lost
12352,36,8,2506.04,960.63,1545.41,3,4,3,Champions
12353,204,1,89,0,89,1,1,1,Lost
12354,232,1,1079.4,0,1079.4,1,1,3,At Risk
12355,214,1,459.4,0,459.4,1,1,2,Lost
12356,23,3,2811.43,0,2811.43,3,3,4,Champions
12357,33,1,6207.67,0,6207.67,3,1,4,Regular Customers
12358,2,2,1168.06,0,1168.06,4,2,3,Regular Customers
12359,58,4,6310.03,127.05,6182.98,2,3,4,At Risk
12360,52,3,2662.06,0,2662.06,2,3,4,At Risk
12361,287,1,189.9,0,189.9,1,1,1,Lost
12362,3,10,5226.23,71.65,5154.58,4,4,4,Champions
12363,110,2,552,0,552,2,2,2,Regular Customers
12364,8,4,1313.1,0,1313.1,4,3,3,Champions
12365,291,2,641.38,320.69,320.69,1,2,2,Lost
12367,4,1,168.9,0,168.9,4,1,1,Regular Customers
12370,51,4,3541.94,0,3541.94,2,3,4,At Risk
12371,45,2,1887.96,0,1887.96,3,2,4,Regular Customers
12372,72,3,1298.04,0,1298.04,2,3,3,At Risk
12373,311,1,364.6,0,364.6,1,1,2,Lost
12374,25,1,742.93,0,742.93,3,1,3,Regular Customers
12375,11,2,457.5,2.08,455.42,4,2,2,Regular Customers
12377,315,2,1628.12,0,1628.12,1,2,4,At Risk
12378,130,1,4008.62,0,4008.62,2,1,4,At Risk
12379,82,2,852.24,1.95,850.29,2,2,3,At Risk
12380,22,4,2724.81,4.25,2720.56,3,3,4,Champions
12381,5,5,1845.31,41.35,1803.96,4,4,4,Champions
12383,185,5,1850.56,11.25,1839.31,1,4,4,At Risk
12384,29,2,585.27,19.11,566.16,3,2,2,Regular Customers
12386,338,2,401.9,0,401.9,1,2,2,Lost
12388,16,6,2780.66,0,2780.66,4,4,4,Champions
12390,80,1,549.84,0,549.84,2,1,2,Regular Customers
12391,22,1,439.66,0,439.66,3,1,2,Regular Customers
12393,72,4,1582.6,0,1582.6,2,3,3,At Risk
12394,64,2,1272.48,0,1272.48,2,2,3,At Risk
12395,19,12,3018.63,20.35,2998.28,3,4,4,Champions
12397,36,2,2409.9,0,2409.9,3,2,4,Regular Customers
12398,46,1,1635.66,0,1635.66,3,1,4,Regular Customers
12399,119,4,1108.65,0,1108.65,2,3,3,At Risk
12401,303,1,84.3,0,84.3,1,1,1,Lost
12402,323,1,225.6,0,225.6,1,1,1,Lost
12403,50,1,427.7,18,409.7,3,1,2,Regular Customers
12405,149,1,1710.39,0,1710.39,1,1,4,At Risk
12406,22,2,3415.3,134.55,3280.75,3,2,4,Regular Customers
12407,50,5,1708.12,0,1708.12,3,4,4,Champions
12408,33,5,2888.55,45.98,2842.57,3,4,4,Champions
12409,79,3,11072.67,15.74,11056.93,2,3,4,At Risk
12410,309,2,693.33,12.25,681.08,1,2,3,At Risk
12412,75,3,1226.88,0,1226.88,2,3,3,At Risk
12413,67,3,758.1,63.95,694.15,2,3,3,At Risk
12414,217,3,562.41,0,562.41,1,3,2,At Risk
12415,24,21,124914.53,1189.08,123725.45,3,4,4,Champions
12417,3,9,3649.1,70.3,3578.8,4,4,4,Champions
12418,113,1,668.58,0,668.58,2,1,3,At Risk
12420,64,1,600.39,0,600.39,2,1,2,Regular Customers
12421,16,4,807.04,0.77,806.27,4,3,3,Champions
12422,96,3,803.56,0,803.56,2,3,3,At Risk
12423,1,8,1859.31,10.2,1849.11,4,4,4,Champions
12424,163,2,1760.96,0,1760.96,1,2,4,At Risk
12425,78,1,777.2,0,777.2,2,1,3,At Risk
12426,195,1,582.73,0,582.73,1,1,2,Lost
12427,22,3,825.8,117.43,708.37,3,3,3,Champions
12428,26,9,7956.46,79.26,7877.2,3,4,4,Champions
12429,9,4,3750.4,0,3750.4,4,3,4,Champions
12430,43,1,256.4,0,256.4,3,1,1,Regular Customers
12431,36,15,6419.95,71.06,6348.89,3,4,4,Champions
12432,43,5,5059.32,0,5059.32,3,4,4,Champions
12433,1,7,13375.87,0,13375.87,4,4,4,Champions
12434,85,2,806.14,40.95,765.19,2,2,3,At Risk
12435,80,2,7829.89,0,7829.89,2,2,4,At Risk
12436,100,1,509.01,0,509.01,2,1,2,Regular Customers
12437,2,18,4951.41,54.75,4896.66,4,4,4,Champions
12438,14,2,2906.85,0,2906.85,4,2,4,Regular Customers
12441,367,1,173.55,0,173.55,1,1,1,Lost
12442,3,1,172.06,0,172.06,4,1,1,Regular Customers
12444,21,5,5005.46,0,5005.46,3,4,4,Champions
12445,22,1,133.4,0,133.4,3,1,1,Regular Customers
12446,58,1,1002.31,0,1002.31,2,1,3,At Risk
12447,243,1,476.49,0,476.49,1,1,2,Lost
12448,44,1,449.45,0,449.45,3,1,2,Regular Customers
12449,22,4,4067.29,0,4067.29,3,3,4,Champions
12450,156,2,197.88,0,197.88,1,2,1,Lost
12451,11,5,9035.52,102,8933.52,4,4,4,Champions
12452,17,2,430.57,2,428.57,4,2,2,Regular Customers
12453,134,1,707.09,0,707.09,2,1,3,At Risk
12454,56,1,3528.34,3528.34,4.55E-13,2,1,1,Regular Customers
12455,73,6,2466.86,0,2466.86,2,4,4,At Risk
12456,44,3,3181.04,27.15,3153.89,3,3,4,Champions
12457,66,7,2363.23,445.45,1917.78,2,4,4,At Risk
12458,71,2,947.4,0,947.4,2,2,3,At Risk
12461,94,2,826.88,0,826.88,2,2,3,At Risk
12462,19,2,1189.59,65.58,1124.01,3,2,3,Regular Customers
12463,53,4,1344.78,41.15,1303.63,2,3,3,At Risk
12464,10,8,1212.05,0,1212.05,4,4,3,Champions
12465,17,2,742.19,8.3,733.89,4,2,3,Regular Customers
12468,188,2,729.54,5.5,724.04,1,2,3,At Risk
12471,2,30,19788.65,1083.13,18705.52,4,4,4,Champions
12472,32,7,6572.11,342.63,6229.48,3,4,4,Champions
12473,29,5,3928.05,1090.32,2837.73,3,4,4,Champions
12474,17,18,7324.09,259.32,7064.77,4,4,4,Champions
12475,54,1,723.38,0,723.38,2,1,3,At Risk
12476,16,11,6816.42,269.84,6546.58,4,4,4,Champions
12477,23,6,13219.74,102.73,13117.01,3,4,4,Champions
12478,4,1,680.99,0,680.99,4,1,3,Regular Customers
12479,11,1,527.2,49.9,477.3,4,1,2,Regular Customers
12480,28,4,3281.63,0,3281.63,3,3,4,Champions
12481,23,10,5579.82,5.46,5574.36,3,4,4,Champions
12483,17,8,2484.98,157.85,2327.13,4,4,4,Champions
12484,33,6,4527.32,46.45,4480.87,3,4,4,Champions
12488,10,3,1298.66,0,1298.66,4,3,3,Champions
12489,336,1,334.93,0,334.93,1,1,2,Lost
12490,5,10,5417.93,0,5417.93,4,4,4,Champions
12491,39,1,460.4,0,460.4,3,1,2,Regular Customers
12492,63,2,263.21,0,263.21,2,2,1,Regular Customers
12493,166,2,433.74,16.95,416.79,1,2,2,Lost
12494,16,7,1246.1,106.75,1139.35,4,4,3,Champions
12497,82,1,1043.1,0,1043.1,2,1,3,At Risk
12498,21,3,403.7,0,403.7,3,3,2,Loyal Customers
12500,23,11,4257.82,51.55,4206.27,3,4,4,Champions
12501,337,1,2169.39,79.71,2089.68,1,1,4,At Risk
12502,96,5,3723.87,0,3723.87,2,4,4,At Risk
12504,18,2,482.05,368.05,114,3,2,1,Regular Customers
12506,233,1,73.5,0,73.5,1,1,1,Lost
12507,134,3,1304.81,46.75,1258.06,2,3,3,At Risk
12508,26,2,397.88,0,397.88,3,2,2,Regular Customers
12509,284,1,176.5,0,176.5,1,1,1,Lost
12510,143,2,982.57,0,982.57,1,2,3,At Risk
12512,66,2,132.18,0,132.18,2,2,1,Regular Customers
12513,113,1,612.29,25.5,586.79,2,1,2,Regular Customers
12514,267,1,1017.68,0,1017.68,1,1,3,At Risk
12515,353,1,383.7,0,383.7,1,1,2,Lost
12516,78,2,1312.06,0,1312.06,2,2,3,At Risk
12517,28,5,2481.6,37.95,2443.65,3,4,4,Champions
12518,1,5,2056.89,0,2056.89,4,4,4,Champions
12519,64,1,330.84,0,330.84,2,1,2,Regular Customers
12520,79,5,2634.26,51.75,2582.51,2,4,4,At Risk
12521,143,1,599.68,0,599.68,1,1,2,Lost
12522,39,2,192.72,0,192.72,3,2,1,Regular Customers
12523,19,11,1789.77,44.2,1745.57,3,4,4,Champions
12524,9,8,4485.72,0,4485.72,4,4,4,Champions
12526,1,3,1316.66,0,1316.66,4,3,3,Champions
12527,82,3,348.71,0,348.71,2,3,2,At Risk
12528,9,6,1933.48,11.2,1922.28,4,4,4,Champions
12530,60,4,1662.28,38.65,1623.63,2,3,4,At Risk
12531,15,1,125.22,0,125.22,4,1,1,Regular Customers
12532,30,1,349.83,0,349.83,3,1,2,Regular Customers
12534,131,1,1089.18,0,1089.18,2,1,3,At Risk
12535,92,2,716.35,0,716.35,2,2,3,At Risk
12536,43,3,12601.83,8495.01,4106.82,3,3,4,Champions
12538,29,1,363.95,0,363.95,3,1,2,Regular Customers
12539,22,4,5568.35,1715.85,3852.5,3,3,4,Champions
12540,20,17,13400.24,91.2,13309.04,3,4,4,Champions
12541,30,3,981.18,0,981.18,3,3,3,Champions
12544,36,1,372.7,17,355.7,3,1,2,Regular Customers
12545,75,2,1000.39,0,1000.39,2,2,3,At Risk
12546,47,2,1161.5,20,1141.5,3,2,3,Regular Customers
12547,198,2,207.8,0,207.8,1,2,1,Lost
12548,166,1,95.2,0,95.2,1,1,1,Lost
12550,79,1,964.83,0,964.83,2,1,3,At Risk
12551,358,1,168,0,168,1,1,1,Lost
12552,39,2,437.82,0,437.82,3,2,2,Regular Customers
12553,8,10,3692.28,40.03,3652.25,4,4,4,Champions
12556,50,2,599.56,0,599.56,3,2,2,Regular Customers
12557,16,5,11990.96,0,11990.96,4,4,4,Champions
12558,8,1,269.96,269.96,0,4,1,1,Regular Customers
12559,311,2,561.71,25.5,536.21,1,2,2,Lost
12560,5,3,2134.01,32.62,2101.39,4,3,4,Champions
12561,303,1,238.85,0,238.85,1,1,1,Lost
12562,8,7,3781.74,0,3781.74,4,4,4,Champions
12564,261,1,456.9,0,456.9,1,1,2,Lost
12565,289,1,145.92,14.75,131.17,1,1,1,Lost
12566,86,1,351.65,4.95,346.7,2,1,2,Regular Customers
12567,23,10,9401.28,286.34,9114.94,3,4,4,Champions
12569,2,32,4124.69,59.7,4064.99,4,4,4,Champions
12571,40,2,519.61,0,519.61,3,2,2,Regular Customers
12572,9,2,1020.42,15.7,1004.72,4,2,3,Regular Customers
12573,227,1,160.54,0,160.54,1,1,1,Lost
12574,316,1,218.45,0,218.45,1,1,1,Lost
12576,36,5,1315.83,8.85,1306.98,3,4,3,Champions
12577,35,3,626.6,62.4,564.2,3,3,2,Loyal Customers
12578,21,2,2794.51,41.15,2753.36,3,2,4,Regular Customers
12579,78,1,440.42,29.7,410.72,2,1,2,Regular Customers
12580,247,1,415.7,0,415.7,1,1,2,Lost
12581,40,1,197.71,0,197.71,3,1,1,Regular Customers
12582,239,2,511.36,0,511.36,1,2,2,Lost
12583,3,15,7281.38,94.04,7187.34,4,4,4,Champions
12584,4,9,2338.15,444.2,1893.95,4,4,4,Champions
12585,234,2,2040.1,57.29,1982.81,1,2,4,At Risk
12586,17,1,196.94,17,179.94,4,1,1,Regular Customers
12587,8,1,144,0,144,4,1,1,Regular Customers
12588,39,1,214.9,0,214.9,3,1,1,Regular Customers
12589,29,2,646.68,0,646.68,3,2,2,Regular Customers
12590,211,2,9864.26,2.88,9861.38,1,2,4,At Risk
12591,317,1,452.85,0,452.85,1,1,2,Lost
12592,92,2,437.6,0,437.6,2,2,2,Regular Customers
12593,109,3,418.1,0,418.1,2,3,2,At Risk
12594,38,10,3338.22,18,3320.22,3,4,4,Champions
12596,51,2,618.27,0,618.27,2,2,2,Regular Customers
12597,19,4,3811.22,128.09,3683.13,3,3,4,Champions
12598,10,8,3023.08,20.4,3002.68,4,4,4,Champions
12599,29,7,1032.58,0,1032.58,3,4,3,Champions
12600,29,10,2599.04,18,2581.04,3,4,4,Champions
12601,190,5,577.06,7.5,569.56,1,4,2,At Risk
12602,59,1,153.12,0,153.12,2,1,1,Regular Customers
12603,22,1,739.2,0,739.2,3,1,3,Regular Customers
12604,79,2,254.18,0,254.18,2,2,1,Regular Customers
12607,60,1,1579.51,1579.51,0,2,1,1,Regular Customers
12609,78,3,1126.85,0,1126.85,2,3,3,At Risk
12610,23,5,2099.54,41.55,2057.99,3,4,4,Champions
12611,52,1,1193.32,0,1193.32,2,1,3,At Risk
12612,74,1,704.04,60.45,643.59,2,1,2,Regular Customers
12613,57,5,3344.38,125.4,3218.98,2,4,4,At Risk
12614,278,1,315.6,0,315.6,1,1,2,Lost
12615,2,4,2291.19,0,2291.19,4,3,4,Champions
12616,95,2,713.3,56.05,657.25,2,2,3,At Risk
12617,29,1,352.98,0,352.98,3,1,2,Regular Customers
12618,22,1,177.31,0,177.31,3,1,1,Regular Customers
12619,16,9,3641.24,426.43,3214.81,4,4,4,Champions
12620,15,3,1339.41,0,1339.41,4,3,3,Champions
12621,2,20,13689.67,77.6,13612.07,4,4,4,Champions
12622,232,1,180.1,0,180.1,1,1,1,Lost
12623,276,1,305.1,0,305.1,1,1,2,Lost
12624,106,2,641.13,0,641.13,2,2,2,Regular Customers
12625,212,2,2683.82,69.5,2614.32,1,2,4,At Risk
12626,23,9,6620.48,232.13,6388.35,3,4,4,Champions
12627,11,7,4478.53,0,4478.53,4,4,4,Champions
12628,4,3,786.46,16.85,769.61,4,3,3,Champions
12630,10,2,1270.88,0,1270.88,4,2,3,Regular Customers
12631,57,1,640.5,0,640.5,2,1,2,Regular Customers
12633,59,4,2163.98,23.35,2140.63,2,3,4,At Risk
12635,90,2,1689.18,0,1689.18,2,2,4,At Risk
12637,67,8,6002.9,68.65,5934.25,2,4,4,At Risk
12638,33,1,671.69,0,671.69,3,1,3,Regular Customers
12639,239,1,486.1,0,486.1,1,1,2,Lost
12640,24,3,1174.58,0,1174.58,3,3,3,Champions
12641,115,1,185.9,0,185.9,2,1,1,Regular Customers
12642,25,3,1013.26,0,1013.26,3,3,3,Champions
12643,128,6,3344.64,0,3344.64,2,4,4,At Risk
12644,130,1,477.91,0,477.91,2,1,2,Regular Customers
12645,34,4,1775.18,19.8,1755.38,3,3,4,Champions
12646,5,2,1346.97,0,1346.97,4,2,3,Regular Customers
12647,22,12,3722.82,52.9,3669.92,3,4,4,Champions
12648,155,1,318.05,0,318.05,1,1,2,Lost
12649,107,3,623.51,19.8,603.71,2,3,2,At Risk
12650,3,1,314.44,0,314.44,4,1,2,Regular Customers
12651,335,1,114,0,114,1,1,1,Lost
12652,331,1,919.98,5.45,914.53,1,1,3,At Risk
12653,149,2,2209.85,0,2209.85,1,2,4,At Risk
12654,11,5,601.98,0,601.98,4,4,2,Loyal Customers
12656,17,5,4051.17,68.45,3982.72,4,4,4,Champions
12657,11,4,1643.18,491.12,1152.06,4,3,3,Champions
12658,19,1,686.05,0,686.05,3,1,3,Regular Customers
12659,30,1,91.68,0,91.68,3,1,1,Regular Customers
12660,11,1,245.1,0,245.1,4,1,1,Regular Customers
12662,1,11,3849.78,32.7,3817.08,4,4,4,Champions
12664,8,9,4881.88,18,4863.88,4,4,4,Champions
12665,325,1,63,1.25,61.75,1,1,1,Lost
12667,58,1,620.13,0,620.13,2,1,2,Regular Customers
12668,12,4,3807.15,63.97,3743.18,4,3,4,Champions
12669,151,3,2744.03,1136.3,1607.73,1,3,3,At Risk
12670,10,5,2996.05,9.9,2986.15,4,4,4,Champions
12672,330,1,225.9,0,225.9,1,1,1,Lost
12673,5,2,610.52,0,610.52,4,2,2,Regular Customers
12674,39,4,1970.6,48.34,1922.26,3,3,4,Champions
12676,25,6,1331.39,0,1331.39,3,4,3,Champions
12678,42,12,17628.46,40.2,17588.26,3,4,4,Champions
12679,59,4,1113.02,54.35,1058.67,2,3,3,At Risk
12680,1,4,862.81,0,862.81,4,3,3,Champions
12681,15,22,13787.54,109.95,13677.59,4,4,4,Champions
12682,4,31,12279.82,0,12279.82,4,4,4,Champions
12683,4,15,8476.57,255.48,8221.09,4,4,4,Champions
12684,8,7,2283.63,0,2283.63,4,4,4,Champions
12685,28,6,2863.08,0,2863.08,3,4,4,Champions
12686,372,1,89.14,0,89.14,1,1,1,Lost
12688,114,1,4873.81,0,4873.81,2,1,4,At Risk
12689,26,2,1247.61,0,1247.61,3,2,3,Regular Customers
12690,206,1,389.01,0,389.01,1,1,2,Lost
12691,28,6,1035.8,0,1035.8,3,4,3,Champions
12693,127,4,855.91,24.95,830.96,2,3,3,At Risk
12694,70,2,869.67,0,869.67,2,2,3,At Risk
12695,7,4,582.1,0,582.1,4,3,2,Loyal Customers
12697,29,3,957.59,18.57,939.02,3,3,3,Champions
12700,8,4,4939.99,72,4867.99,4,3,4,Champions
12701,80,2,797.71,0,797.71,2,2,3,At Risk
12702,20,1,219,0,219,3,1,1,Regular Customers
12703,71,1,283.55,8.85,274.7,2,1,1,Regular Customers
12704,7,8,2340.84,120,2220.84,4,4,4,Champions
12705,15,9,6868.29,54.05,6814.24,4,4,4,Champions
12707,292,1,603.42,0,603.42,1,1,2,Lost
12708,30,10,2712.91,96.59,2616.32,3,4,4,Champions
12709,15,15,9706.52,442.42,9264.1,4,4,4,Champions
12710,97,3,1149.02,18.45,1130.57,2,3,3,At Risk
12712,29,13,4396.13,154.5,4241.63,3,4,4,Champions
12713,1,1,848.55,0,848.55,4,1,3,Regular Customers
12714,9,5,4708.86,0,4708.86,4,4,4,Champions
12715,106,1,343.36,0,343.36,2,1,2,Regular Customers
12716,4,2,1053.49,0,1053.49,4,2,3,Regular Customers
12717,151,2,1030.98,50,980.98,1,2,3,At Risk
12718,71,1,238.25,0,238.25,2,1,1,Regular Customers
12719,5,2,644.95,36.85,608.1,4,2,2,Regular Customers
12720,3,25,5781.73,68.45,5713.28,4,4,4,Champions
12721,32,6,2656.13,27.15,2628.98,3,4,4,Champions
12722,85,4,997.63,93.3,904.33,2,3,3,At Risk
12723,4,5,725.07,0,725.07,4,4,3,Champions
12724,5,4,1031.41,0,1031.41,4,3,3,Champions
12725,371,1,427.8,0,427.8,1,1,2,Lost
12726,28,7,2609.1,0,2609.1,3,4,4,Champions
12727,11,7,3980.7,33,3947.7,4,4,4,Champions
12728,71,4,836.33,0,836.33,2,3,3,At Risk
12729,114,1,453.01,0,453.01,2,1,2,Regular Customers
12731,24,12,18895.91,102.5,18793.41,3,4,4,Champions
12732,180,1,236.26,0,236.26,1,1,1,Lost
12733,234,1,383.95,0,383.95,1,1,2,Lost
12734,353,1,110.4,0,110.4,1,1,1,Lost
12735,315,2,779.57,0,779.57,1,2,3,At Risk
12736,333,1,234,0,234,1,1,1,Lost
12738,372,1,155.35,0,155.35,1,1,1,Lost
12739,78,2,1013.04,0,1013.04,2,2,3,At Risk
12740,64,1,427.6,0,427.6,2,1,2,Regular Customers
12743,134,2,540.13,0,540.13,2,2,2,Regular Customers
12744,52,7,21279.29,12158.9,9120.39,2,4,4,At Risk
12747,2,11,4196.01,0,4196.01,4,4,4,Champions
12748,1,209,33053.19,4647.63,28405.56,4,4,4,Champions
12749,4,5,4090.88,222.68,3868.2,4,4,4,Champions
12750,129,1,275.88,0,275.88,2,1,1,Regular Customers
12752,81,1,4366.78,0,4366.78,2,1,4,At Risk
12753,23,6,21429.39,405.38,21024.01,3,4,4,Champions
12754,236,3,3010.74,61.62,2949.12,1,3,4,At Risk
12755,281,2,3811.95,1608.75,2203.2,1,2,4,At Risk
12756,87,1,112.08,0,112.08,2,1,1,Regular Customers
12757,16,13,7834.65,3629.4,4205.25,4,4,4,Champions
12758,117,2,2791.59,0,2791.59,2,2,4,At Risk
12759,52,3,1531.44,0,1531.44,2,3,3,At Risk
12762,8,2,1898.52,0,1898.52,4,2,4,Regular Customers
12763,138,2,494.08,0,494.08,2,2,2,Regular Customers
12764,317,1,1693.88,0,1693.88,1,1,4,At Risk
12766,4,7,6989.63,0,6989.63,4,4,4,Champions
12769,239,1,1143.6,0,1143.6,1,1,3,At Risk
12770,211,1,1351.45,0,1351.45,1,1,3,At Risk
12772,60,1,892.47,0,892.47,2,1,3,At Risk
12775,17,5,1386.04,34.8,1351.24,4,4,3,Champions
12778,20,6,822.23,18,804.23,3,4,3,Champions
12779,38,8,3981.36,112.66,3868.7,3,4,4,Champions
12781,64,2,826.74,119.02,707.72,2,2,3,At Risk
12782,5,5,2330.92,57.6,2273.32,4,4,4,Champions
12783,2,6,2225.91,622.04,1603.87,4,4,3,Champions
12784,9,2,532.82,0,532.82,4,2,2,Regular Customers
12785,364,1,311.95,6.24,305.71,1,1,2,Lost
12787,10,3,463.66,0,463.66,4,3,2,Loyal Customers
12789,65,1,91.85,0,91.85,2,1,1,Regular Customers
12790,192,1,324.92,0,324.92,1,1,2,Lost
12791,374,1,192.6,0,192.6,1,1,1,Lost
12792,257,1,400.54,0,400.54,1,1,2,Lost
12793,335,2,545.48,0,545.48,1,2,2,Lost
12794,53,2,860.41,0,860.41,2,2,3,At Risk
12795,19,1,430.48,0,430.48,3,1,2,Regular Customers
12797,366,1,254.03,59.85,194.18,1,1,1,Lost
12798,10,3,6977.04,0,6977.04,4,3,4,Champions
12802,187,1,427.58,15,412.58,1,1,2,Lost
12808,37,3,483.65,0,483.65,3,3,2,Loyal Customers
12809,178,1,489.31,4.95,484.36,1,1,2,Lost
12811,261,3,514.85,0,514.85,1,3,2,At Risk
12812,45,1,229.64,0,229.64,3,1,1,Regular Customers
12814,102,1,125.92,0,125.92,2,1,1,Regular Customers
12815,148,2,1063.46,0,1063.46,1,2,3,At Risk
12816,96,2,572.2,0,572.2,2,2,2,Regular Customers
12817,281,1,166.04,0,166.04,1,1,1,Lost
12818,262,1,1542.08,24.2,1517.88,1,1,3,At Risk
12820,3,4,942.34,0,942.34,4,3,3,Champions
12821,214,1,92.72,0,92.72,1,1,1,Lost
12822,71,2,948.88,29.9,918.98,2,2,3,At Risk
12823,75,5,1759.5,0,1759.5,2,4,4,At Risk
12824,60,1,397.12,0,397.12,2,1,2,Regular Customers
12826,3,7,1474.72,6.6,1468.12,4,4,3,Champions
12827,6,3,430.15,0,430.15,4,3,2,Loyal Customers
12828,3,6,1018.71,0,1018.71,4,4,3,Champions
12829,337,2,293,39.95,253.05,1,2,1,Lost
12830,38,6,6814.64,66.24,6748.4,3,4,4,Champions
12831,262,1,215.05,0,215.05,1,1,1,Lost
12832,32,2,383.03,0,383.03,3,2,2,Regular Customers
12833,145,1,417.38,0,417.38,1,1,2,Lost
12834,283,1,312.38,0,312.38,1,1,2,Lost
12836,59,4,2610.36,0,2610.36,2,3,4,At Risk
12837,173,1,134.1,0,134.1,1,1,1,Lost
12838,34,2,671.95,0,671.95,3,2,3,Regular Customers
12839,3,14,5591.42,7.8,5583.62,4,4,4,Champions
12840,144,4,2726.77,12.5,2714.27,1,3,4,At Risk
12841,5,25,3991.58,145.95,3845.63,4,4,4,Champions
12842,70,2,1118.99,0,1118.99,2,2,3,At Risk
12843,66,8,1702.26,21.5,1680.76,2,4,4,At Risk
12844,29,2,325.96,0,325.96,3,2,2,Regular Customers
12845,267,4,354.09,0,354.09,1,3,2,At Risk
12847,22,1,843.64,0,843.64,3,1,3,Regular Customers
12849,31,2,1010.29,0,1010.29,3,2,3,Regular Customers
12851,97,1,131.81,0,131.81,2,1,1,Regular Customers
12852,295,1,311.55,11.8,299.75,1,1,2,Lost
12853,135,6,1957.1,75.4,1881.7,2,4,4,At Risk
12854,79,3,1316.25,35.35,1280.9,2,3,3,At Risk
12855,373,1,38.1,0,38.1,1,1,1,Lost
12856,8,6,2170.78,17.25,2153.53,4,4,4,Champions
12857,211,2,1106.4,0,1106.4,1,2,3,At Risk
12863,52,1,521.2,17,504.2,2,1,2,Regular Customers
12864,138,1,147.12,0,147.12,2,1,1,Regular Customers
12865,26,2,1568.23,20.16,1548.07,3,2,3,Regular Customers
12866,283,1,559.12,0,559.12,1,1,2,Lost
12867,26,7,4009.34,50.6,3958.74,3,4,4,Champions
12868,186,6,1607.06,0,1607.06,1,4,3,At Risk
12871,84,2,380.64,0,380.64,2,2,2,Regular Customers
12872,327,2,599.97,0,599.97,1,2,2,Lost
12873,282,1,374,0,374,1,1,2,Lost
12875,143,2,343.23,0,343.23,1,2,2,Lost
12876,58,2,2218.02,0,2218.02,2,2,4,At Risk
12877,4,12,1535.77,0,1535.77,4,4,3,Champions
12878,236,2,854.99,13.35,841.64,1,2,3,At Risk
12879,45,3,573.22,20.65,552.57,3,3,2,Loyal Customers
12881,276,1,298,0,298,1,1,2,Lost
12882,9,2,1463.04,0,1463.04,4,2,3,Regular Customers
12883,25,4,703.47,0,703.47,3,3,3,Champions
12884,88,1,309.05,0,309.05,2,1,2,Regular Customers
12885,63,3,1175.22,16.95,1158.27,2,3,3,At Risk
12886,68,2,1378.4,27.31,1351.09,2,2,3,At Risk
12888,214,2,354.12,40.35,313.77,1,2,2,Lost
12890,24,1,376.72,0,376.72,3,1,2,Regular Customers
12891,186,3,331,0,331,1,3,2,At Risk
12893,31,1,176.55,0,176.55,3,1,1,Regular Customers
12895,42,2,372.8,25.5,347.3,3,2,2,Regular Customers
12897,205,2,216.5,0,216.5,1,2,1,Lost
12901,9,28,17654.54,1361.44,16293.1,4,4,4,Champions
12902,265,1,138.68,0,138.68,1,1,1,Lost
12904,18,2,496.06,0,496.06,3,2,2,Regular Customers
12906,12,5,2919.81,0,2919.81,4,4,4,Champions
12908,176,2,750,504,246,1,2,1,Lost
12909,40,5,2178.67,49.84,2128.83,3,4,4,Champions
12910,23,8,3075.04,0,3075.04,3,4,4,Champions
12912,3,5,1662.3,0,1662.3,4,4,4,Champions
12913,5,5,2483.63,0,2483.63,4,4,4,Champions
12915,149,2,363.65,0,363.65,1,2,2,Lost
12916,139,4,2944.95,23.8,2921.15,2,3,4,At Risk
12917,128,1,594,0,594,2,1,2,Regular Customers
12919,8,6,1335.19,33.75,1301.44,4,4,3,Champions
12920,17,1,162.78,0,162.78,4,1,1,Regular Customers
12921,9,37,16587.09,197.35,16389.74,4,4,4,Champions
12922,161,1,405.38,0,405.38,1,1,2,Lost
12923,64,1,172.82,0,172.82,2,1,1,Regular Customers
12924,88,4,933.7,3.75,929.95,2,3,3,At Risk
12925,5,2,694.05,0,694.05,4,2,3,Regular Customers
12928,35,5,2062.7,0,2062.7,3,4,4,Champions
12929,312,1,117.85,12.75,105.1,1,1,1,Lost
12930,78,2,415.8,5.9,409.9,2,2,2,Regular Customers
12931,22,15,42055.96,8593.15,33462.81,3,4,4,Champions
12933,24,3,607.53,1.25,606.28,3,3,2,Loyal Customers
12935,2,7,2160.7,4.25,2156.45,4,4,4,Champions
12936,17,4,1063.9,51,1012.9,4,3,3,Champions
12937,15,4,1504.27,0,1504.27,4,3,3,Champions
12938,26,1,114.14,0,114.14,3,1,1,Regular Customers
12939,64,8,11581.8,0,11581.8,2,4,4,At Risk
12940,55,2,899.69,37.25,862.44,2,2,3,At Risk
12942,131,3,675.6,0,675.6,2,3,3,At Risk
12944,36,2,604.51,0,604.51,3,2,2,Regular Customers
12945,288,1,462.95,0,462.95,1,1,2,Lost
12947,144,6,1603.99,196.7,1407.29,1,4,3,At Risk
12948,16,7,2064.95,11.25,2053.7,4,4,4,Champions
12949,31,8,4167.22,24.2,4143.02,3,4,4,Champions
12950,2,3,1843,0,1843,4,3,4,Champions
12951,9,6,1064.07,22,1042.07,4,4,3,Champions
12952,6,4,1387.79,4.95,1382.84,4,3,3,Champions
12953,10,1,329.85,0,329.85,4,1,2,Regular Customers
12955,1,11,4757.16,22.9,4734.26,4,4,4,Champions
12956,306,1,108.07,0,108.07,1,1,1,Lost
12957,10,8,4017.54,38.5,3979.04,4,4,4,Champions
12962,7,2,266.39,0,266.39,4,2,1,Regular Customers
12963,8,8,1856.63,15.6,1841.03,4,4,4,Champions
12965,89,1,769.81,0,769.81,2,1,3,At Risk
12966,10,1,160.18,0,160.18,4,1,1,Regular Customers
12967,358,2,1660.9,466.15,1194.75,1,2,3,At Risk
12968,112,1,135.95,0,135.95,2,1,1,Regular Customers
12970,7,4,405.47,0,405.47,4,3,2,Loyal Customers
12971,4,86,11189.91,259.65,10930.26,4,4,4,Champions
12974,198,1,144.8,0,144.8,1,1,1,Lost
12976,212,1,738.6,0,738.6,1,1,3,At Risk
12977,156,1,39.24,0,39.24,1,1,1,Lost
12980,158,9,7374.9,282.84,7092.06,1,4,4,At Risk
12981,30,2,372.22,0,372.22,3,2,2,Regular Customers
12982,243,1,390.54,13.34,377.2,1,1,2,Lost
12984,19,1,97.5,0,97.5,3,1,1,Regular Customers
12985,1,2,1239.38,23.76,1215.62,4,2,3,Regular Customers
12987,74,2,558.7,13.7,545,2,2,2,Regular Customers
12988,292,1,505.82,0,505.82,1,1,2,Lost
12989,3,15,6924.11,69.6,6854.51,4,4,4,Champions
12990,31,3,409.5,0,409.5,3,3,2,Loyal Customers
12991,23,2,503.76,0,503.76,3,2,2,Regular Customers
12993,23,4,414.76,0,414.76,3,3,2,Loyal Customers
12994,4,3,974.42,72.2,902.22,4,3,3,Champions
12995,85,1,211.32,10.6,200.72,2,1,1,Regular Customers
12997,22,4,1226.89,28.95,1197.94,3,3,3,Champions
12999,196,3,455.88,0,455.88,1,3,2,At Risk
13000,107,3,534.85,0,534.85,2,3,2,At Risk
13001,4,13,9785.97,20.9,9765.07,4,4,4,Champions
13002,318,1,120.95,0,120.95,1,1,1,Lost
13003,106,3,149.05,0,149.05,2,3,1,At Risk
13004,12,18,5655.91,42.48,5613.43,4,4,4,Champions
13005,174,2,513.7,44.75,468.95,1,2,2,Lost
13006,56,1,81.57,0,81.57,2,1,1,Regular Customers
13008,323,1,229.47,51,178.47,1,1,1,Lost
13011,372,1,50.55,0,50.55,1,1,1,Lost
13012,9,8,1646.84,350.22,1296.62,4,4,3,Champions
13013,1,13,4810.94,23.95,4786.99,4,4,4,Champions
13014,11,10,3466.28,100.85,3365.43,4,4,4,Champions
13015,53,5,3339.64,0,3339.64,2,4,4,At Risk
13016,73,3,789.89,0,789.89,2,3,3,At Risk
13017,7,1,204,0,204,4,1,1,Regular Customers
13018,16,28,7277.7,4.95,7272.75,4,4,4,Champions
13021,4,9,2616.38,31.98,2584.4,4,4,4,Champions
13023,64,2,689.9,0,689.9,2,2,3,At Risk
13026,1,5,975.36,39.21,936.15,4,4,3,Champions
13027,114,6,6912,0,6912,2,4,4,At Risk
13028,23,2,661.32,1.64,659.68,3,2,3,Regular Customers
13029,31,3,1247.5,0,1247.5,3,3,3,Champions
13030,11,2,752.44,0,752.44,4,2,3,Regular Customers
13032,52,2,1010.18,13.66,996.52,2,2,3,At Risk
13033,357,1,190.55,0,190.55,1,1,1,Lost
13034,55,2,642.77,0,642.77,2,2,2,Regular Customers
13035,74,2,921.88,35.25,886.63,2,2,3,At Risk
13037,138,3,881.07,0,881.07,2,3,3,At Risk
13038,80,3,908.46,0,908.46,2,3,3,At Risk
13040,9,2,676.99,0,676.99,4,2,3,Regular Customers
13043,273,1,516.42,44.85,471.57,1,1,2,Lost
13044,291,1,560.47,0,560.47,1,1,2,Lost
13045,99,1,305.28,0,305.28,2,1,2,Regular Customers
13046,31,2,629.31,0,629.31,3,2,2,Regular Customers
13047,32,10,3237.54,158.44,3079.1,3,4,4,Champions
13048,14,4,1819.41,30,1789.41,4,3,4,Champions
13049,64,2,656.68,0,656.68,2,2,3,At Risk
13050,15,17,5836.86,152.25,5684.61,4,4,4,Champions
13052,212,1,348.15,0,348.15,1,1,2,Lost
13055,78,3,1214.41,12.45,1201.96,2,3,3,At Risk
13058,25,3,271.4,0,271.4,3,3,1,Loyal Customers
13059,250,1,183.4,0,183.4,1,1,1,Lost
13060,254,1,307.53,0,307.53,1,1,2,Lost
13061,72,1,248.61,0,248.61,2,1,1,Regular Customers
13062,191,1,346.98,0,346.98,1,1,2,Lost
13064,13,4,1105.59,0,1105.59,4,3,3,Champions
13065,373,1,205.86,0,205.86,1,1,1,Lost
13066,24,2,470.8,39.9,430.9,3,2,2,Regular Customers
13067,82,1,115.46,0,115.46,2,1,1,Regular Customers
13068,10,2,344,0,344,4,2,2,Regular Customers
13069,1,24,4431.44,718.3,3713.14,4,4,4,Champions
13070,192,1,228.8,0,228.8,1,1,1,Lost
13072,267,1,177.15,0,177.15,1,1,1,Lost
13075,130,1,919.61,0,919.61,2,1,3,At Risk
13077,1,4,728.02,0,728.02,4,3,3,Champions
13078,3,26,12627.94,195.66,12432.28,4,4,4,Champions
13079,4,5,220.1,0,220.1,4,4,1,Loyal Customers
13080,179,1,58.08,0,58.08,1,1,1,Lost
13081,12,11,28337.38,372.9,27964.48,4,4,4,Champions
13082,126,9,3613.63,18.15,3595.48,2,4,4,At Risk
13083,4,2,303.75,0,303.75,4,2,2,Regular Customers
13085,158,2,416.08,143.7,272.38,1,2,1,Lost
13089,3,97,58762.08,1439.95,57322.13,4,4,4,Champions
13090,9,14,8910.82,221.43,8689.39,4,4,4,Champions
13091,28,1,345.82,26,319.82,3,1,2,Regular Customers
13092,71,5,477.83,18,459.83,2,4,2,At Risk
13093,276,8,7832.47,91,7741.47,1,4,4,At Risk
13094,21,12,1927.32,218.46,1708.86,3,4,4,Champions
13095,71,1,74.4,0,74.4,2,1,1,Regular Customers
13097,33,10,6003.22,117.1,5886.12,3,4,4,Champions
13098,1,28,28882.44,223.56,28658.88,4,4,4,Champions
13099,99,1,207.36,0,207.36,2,1,1,Regular Customers
13101,234,1,101.19,0,101.19,1,1,1,Lost
13102,1,24,6424.09,87.8,6336.29,4,4,4,Champions
13103,40,1,243.94,0,243.94,3,1,1,Regular Customers
13104,3,6,1098.48,0,1098.48,4,4,3,Champions
13106,133,1,76.5,17,59.5,2,1,1,Regular Customers
13107,44,4,1531.62,7.55,1524.07,3,3,3,Champions
13108,373,1,350.06,0,350.06,1,1,2,Lost
13109,60,2,786.54,19.7,766.84,2,2,3,At Risk
13110,31,7,1488.67,35.8,1452.87,3,4,3,Champions
13113,1,24,12245.96,1735.96,10510,4,4,4,Champions
13115,12,4,2294.78,89.15,2205.63,4,3,4,Champions
13116,138,1,501.14,15.95,485.19,2,1,2,Regular Customers
13117,22,8,984.91,0,984.91,3,4,3,Champions
13118,20,5,1197.81,72.81,1125,3,4,3,Champions
13120,239,1,30.6,0,30.6,1,1,1,Lost
13121,269,1,283.73,29,254.73,1,1,1,Lost
13122,94,2,922.39,0,922.39,2,2,3,At Risk
13124,90,3,3756.33,0,3756.33,2,3,4,At Risk
13126,5,8,2099.64,43.35,2056.29,4,4,4,Champions
13127,78,1,259.17,0,259.17,2,1,1,Regular Customers
13130,94,1,64,0,64,2,1,1,Regular Customers
13131,23,3,1073.3,34,1039.3,3,3,3,Champions
13132,262,1,77.3,0,77.3,1,1,1,Lost
13133,274,2,109.8,0,109.8,1,2,1,Lost
13134,86,4,1793.58,52.95,1740.63,2,3,4,At Risk
13135,197,1,3096,0,3096,1,1,4,At Risk
13136,56,5,2607.61,62.23,2545.38,2,4,4,At Risk
13137,11,8,3603.29,45.33,3557.96,4,4,4,Champions
13138,22,6,962.39,0,962.39,3,4,3,Champions
13139,16,7,5064.94,9.15,5055.79,4,4,4,Champions
13140,108,3,422.47,0,422.47,2,3,2,At Risk
13141,85,5,2388.75,2.95,2385.8,2,4,4,At Risk
13142,19,1,307.09,0,307.09,3,1,2,Regular Customers
13144,333,1,110.95,0,110.95,1,1,1,Lost
13145,40,4,618.52,3.75,614.77,3,3,2,Loyal Customers
13146,26,1,228.91,0,228.91,3,1,1,Regular Customers
13147,10,4,712.8,0,712.8,4,3,3,Champions
13148,29,12,3683.26,358.64,3324.62,3,4,4,Champions
13149,14,4,1676.06,0,1676.06,4,3,4,Champions
13151,296,1,1257.87,7.5,1250.37,1,1,3,At Risk
13153,6,1,486.22,0,486.22,4,1,2,Regular Customers
13155,33,4,971.76,0,971.76,3,3,3,Champions
13157,49,4,1741.22,19.65,1721.57,3,3,4,Champions
13158,95,4,1201.06,0,1201.06,2,3,3,At Risk
13159,9,4,1429.35,58.1,1371.25,4,3,3,Champions
13160,22,1,91.8,0,91.8,3,1,1,Regular Customers
13161,313,1,112.75,0,112.75,1,1,1,Lost
13162,122,4,1688.29,43.3,1644.99,2,3,4,At Risk
13165,46,2,1021.48,0,1021.48,3,2,3,Regular Customers
13166,283,1,417.2,2.5,414.7,1,1,2,Lost
13167,19,4,791.33,0,791.33,3,3,3,Champions
13168,36,4,1299.59,9.05,1290.54,3,3,3,Champions
13169,64,2,712.88,0,712.88,2,2,3,At Risk
13170,27,1,108.81,0,108.81,3,1,1,Regular Customers
13171,22,3,468.41,41.6,426.81,3,3,2,Loyal Customers
13173,4,2,353.65,0,353.65,4,2,2,Regular Customers
13174,16,3,2742.82,0,2742.82,4,3,4,Champions
13176,46,1,481.49,0,481.49,3,1,2,Regular Customers
13177,65,1,282.45,0,282.45,2,1,1,Regular Customers
13178,26,11,5725.47,0,5725.47,3,4,4,Champions
13182,45,1,121.18,0,121.18,3,1,1,Regular Customers
13183,8,9,3957.78,0,3957.78,4,4,4,Champions
13184,15,10,1668.95,52.5,1616.45,4,4,3,Champions
13185,268,1,71.4,0,71.4,1,1,1,Lost
13186,40,3,1575.89,36.2,1539.69,3,3,3,Champions
13187,337,1,236.02,0,236.02,1,1,1,Lost
13188,11,1,114.6,0,114.6,4,1,1,Regular Customers
13189,19,2,260.68,0,260.68,3,2,1,Regular Customers
13192,95,2,911.94,0,911.94,2,2,3,At Risk
13193,61,1,112.08,0,112.08,2,1,1,Regular Customers
13194,136,1,60.7,0,60.7,2,1,1,Regular Customers
13196,11,4,1797.78,0,1797.78,4,3,4,Champions
13198,10,6,3401.24,17.15,3384.09,4,4,4,Champions
13199,4,38,9817.12,13.16,9803.96,4,4,4,Champions
13200,19,4,870.09,0,870.09,3,3,3,Champions
13203,10,4,869.46,0,869.46,4,3,3,Champions
13207,15,2,250.26,0,250.26,4,2,1,Regular Customers
13208,59,6,1217.65,18,1199.65,2,4,3,At Risk
13209,30,8,5891.61,71.45,5820.16,3,4,4,Champions
13210,94,1,353.48,0,353.48,2,1,2,Regular Customers
13211,10,3,1095.42,0,1095.42,4,3,3,Champions
13212,20,3,786.83,7.5,779.33,3,3,3,Champions
13213,57,5,1520.58,2.15,1518.43,2,4,3,At Risk
13216,268,1,333.74,0,333.74,1,1,2,Lost
13217,122,3,533.98,400.36,133.62,2,3,1,At Risk
13218,127,1,62.64,0,62.64,2,1,1,Regular Customers
13220,78,4,819.29,0,819.29,2,3,3,At Risk
13221,240,2,847.41,0,847.41,1,2,3,At Risk
13223,200,2,163.2,0,163.2,1,2,1,Lost
13224,60,2,2155.95,5.1,2150.85,2,2,4,At Risk
13225,3,7,6463.84,380.8,6083.04,4,4,4,Champions
13226,273,1,108.21,0,108.21,1,1,1,Lost
13227,202,1,257.7,0,257.7,1,1,1,Lost
13228,81,1,358,0,358,2,1,2,Regular Customers
13229,226,1,160.95,0,160.95,1,1,1,Lost
13230,4,14,2755.63,43.56,2712.07,4,4,4,Champions
13232,13,7,1328.35,0,1328.35,4,4,3,Champions
13233,74,2,605.12,0,605.12,2,2,2,Regular Customers
13235,212,1,1031.07,929.9,101.17,1,1,1,Lost
13236,25,2,744.85,17.58,727.27,3,2,3,Regular Customers
13238,17,4,700.73,19.9,680.83,4,3,3,Champions
13239,262,1,329.56,0,329.56,1,1,2,Lost
13240,96,4,663.65,0,663.65,2,3,3,At Risk
13242,112,3,270.4,0,270.4,2,3,1,At Risk
13243,203,1,585.12,0,585.12,1,1,2,Lost
13244,93,1,121.74,0,121.74,2,1,1,Regular Customers
13245,51,1,430.5,0,430.5,2,1,2,Regular Customers
13246,18,6,1961.52,65.2,1896.32,3,4,4,Champions
13247,18,4,501.12,0,501.12,3,3,2,Loyal Customers
13248,125,2,465.68,0,465.68,2,2,2,Regular Customers
13249,92,3,711.41,0,711.41,2,3,3,At Risk
13253,157,2,1030.4,0,1030.4,1,2,3,At Risk
13255,9,2,399.51,8.85,390.66,4,2,2,Regular Customers
13258,12,3,672.83,0,672.83,4,3,3,Champions
13259,62,1,283.18,0,283.18,2,1,1,Regular Customers
13260,61,1,557.62,0,557.62,2,1,2,Regular Customers
13261,269,2,944.1,0,944.1,1,2,3,At Risk
13262,263,1,200.29,0,200.29,1,1,1,Lost
13263,1,35,7436.93,0,7436.93,4,4,4,Champions
13265,53,5,2092.66,0,2092.66,2,4,4,At Risk
13266,11,12,3834.26,116.59,3717.67,4,4,4,Champions
13267,3,19,4521.49,117.05,4404.44,4,4,4,Champions
13268,18,11,3174.75,47.05,3127.7,3,4,4,Champions
13269,1,15,5343.28,30.31,5312.97,4,4,4,Champions
13270,366,1,590,0,590,1,1,2,Lost
13271,37,1,211.49,39.12,172.37,3,1,1,Regular Customers
13272,31,2,276.56,0,276.56,3,2,1,Regular Customers
13273,113,1,138.98,0,138.98,2,1,1,Regular Customers
13276,64,2,590.93,0,590.93,2,2,2,Regular Customers
13277,16,4,258.4,0,258.4,4,3,1,Loyal Customers
13278,41,1,542.73,0,542.73,3,1,2,Regular Customers
13279,78,1,137.75,11.45,126.3,2,1,1,Regular Customers
13280,122,3,798.46,0,798.46,2,3,3,At Risk
13282,18,3,1132.14,84.3,1047.84,3,3,3,Champions
13283,60,2,93.66,0,93.66,2,2,1,Regular Customers
13284,331,1,201.19,5.04,196.15,1,1,1,Lost
13285,23,4,2709.12,0,2709.12,3,3,4,Champions
13291,156,1,361.11,0,361.11,1,1,2,Lost
13292,39,2,578.94,0,578.94,3,2,2,Regular Customers
13294,190,2,873.74,0,873.74,1,2,3,At Risk
13295,360,1,201.2,3.25,197.95,1,1,1,Lost
13296,137,1,87.4,0,87.4,2,1,1,Regular Customers
13297,8,4,2089.85,0,2089.85,4,3,4,Champions
13298,1,1,360,0,360,4,1,2,Regular Customers
13299,268,1,142.5,0,142.5,1,1,1,Lost
13300,169,1,371.89,6.6,365.29,1,1,2,Lost
13301,104,4,618.09,0,618.09,2,3,2,At Risk
13302,155,1,63.75,0,63.75,1,1,1,Lost
13304,351,1,300.42,0,300.42,1,1,2,Lost
13305,4,10,2000.86,0,2000.86,4,4,4,Champions
13307,120,1,15,0,15,2,1,1,Regular Customers
13308,23,3,1385.51,17.9,1367.61,3,3,3,Champions
13309,7,5,1456.79,0,1456.79,4,4,3,Champions
13310,28,3,1132.03,48.4,1083.63,3,3,3,Champions
13311,4,2,598.57,0,598.57,4,2,2,Regular Customers
13313,22,5,1555.32,0,1555.32,3,4,3,Champions
13314,2,3,775.94,182.43,593.51,4,3,2,Loyal Customers
13316,37,4,5732.93,162.24,5570.69,3,3,4,Champions
13317,66,6,2273.68,133.61,2140.07,2,4,4,At Risk
13318,1,3,640.76,0,640.76,4,3,2,Loyal Customers
13319,5,26,10845.55,181.21,10664.34,4,4,4,Champions
13320,78,4,1532.2,57,1475.2,2,3,3,At Risk
13321,72,2,567.36,0,567.36,2,2,2,Regular Customers
13322,17,1,199.48,0,199.48,4,1,1,Regular Customers
13323,3,5,787.85,0,787.85,4,4,3,Champions
13324,36,10,7121.95,49.15,7072.8,3,4,4,Champions
13325,82,1,675.3,0,675.3,2,1,3,At Risk
13327,39,8,3627.77,10.2,3617.57,3,4,4,Champions
13328,316,1,1308.48,0,1308.48,1,1,3,At Risk
13329,32,2,789,48.6,740.4,3,2,3,Regular Customers
13330,93,3,1140.93,0,1140.93,2,3,3,At Risk
13332,14,1,350.9,0,350.9,4,1,2,Regular Customers
13334,82,3,3502.32,0,3502.32,2,3,4,At Risk
13336,77,1,795.12,0,795.12,2,1,3,At Risk
13338,158,1,487.02,55.2,431.82,1,1,2,Lost
13339,201,1,860.12,0,860.12,1,1,3,At Risk
13340,45,7,10736.48,0,10736.48,3,4,4,Champions
13341,261,1,775.85,0,775.85,1,1,3,At Risk
13343,178,1,353.43,49.5,303.93,1,1,2,Lost
13344,68,3,2511.69,0,2511.69,2,3,4,At Risk
13345,288,1,389.5,11.9,377.6,1,1,2,Lost
13347,70,1,341.36,0,341.36,2,1,2,Regular Customers
13348,64,1,233.76,0,233.76,2,1,1,Regular Customers
13349,11,1,247.32,0,247.32,4,1,1,Regular Customers
13350,16,2,979.12,68.4,910.72,4,2,3,Regular Customers
13351,66,1,373.94,0,373.94,2,1,2,Regular Customers
13352,60,1,397.98,8.7,389.28,2,1,2,Regular Customers
13354,71,1,743.53,0,743.53,2,1,3,At Risk
13355,122,1,674.7,0,674.7,2,1,3,At Risk
13356,80,1,768.24,0,768.24,2,1,3,At Risk
13357,257,1,609.4,0,609.4,1,1,2,Lost
13358,269,1,439.03,0,439.03,1,1,2,Lost
13359,64,1,439.56,8.3,431.26,2,1,2,Regular Customers
13362,9,4,3090.74,5.25,3085.49,4,3,4,Champions
13363,18,2,992.5,0,992.5,3,2,3,Regular Customers
13364,71,1,134.96,134.96,0,2,1,1,Regular Customers
13365,34,2,2225.37,34.15,2191.22,3,2,4,Regular Customers
13366,50,1,56.16,0,56.16,3,1,1,Regular Customers
13368,257,2,623.4,0,623.4,1,2,2,Lost
13369,366,1,308.28,44.53,263.75,1,1,1,Lost
13370,372,1,754.87,33.55,721.32,1,1,3,At Risk
13372,90,1,378.64,0,378.64,2,1,2,Regular Customers
13373,61,3,3312.25,0,3312.25,2,3,4,At Risk
13375,89,1,778.65,5.75,772.9,2,1,3,At Risk
13376,99,3,1019.76,0,1019.76,2,3,3,At Risk
13379,26,3,572.56,0,572.56,3,3,2,Loyal Customers
13381,32,6,3639.31,12.5,3626.81,3,4,4,Champions
13382,281,1,222.99,0,222.99,1,1,1,Lost
13384,31,7,4151.93,29.65,4122.28,3,4,4,Champions
13385,330,1,534.57,0,534.57,1,1,2,Lost
13388,131,2,677.1,49.95,627.15,2,2,2,Regular Customers
13389,11,3,797.96,0,797.96,4,3,3,Champions
13390,75,1,544.08,0,544.08,2,1,2,Regular Customers
13391,204,1,59.8,0,59.8,1,1,1,Lost
13394,2,8,2520.02,207.22,2312.8,4,4,4,Champions
13395,185,1,307.72,0,307.72,1,1,2,Lost
13396,29,2,1360.99,35.7,1325.29,3,2,3,Regular Customers
13397,73,5,1544.13,4.95,1539.18,2,4,3,At Risk
13398,192,1,457.34,0,457.34,1,1,2,Lost
13402,127,2,621.23,0,621.23,2,2,2,Regular Customers
13403,18,1,75,0,75,3,1,1,Regular Customers
13404,1,2,252.49,0,252.49,4,2,1,Regular Customers
13405,74,3,572.451,0,572.451,2,3,2,At Risk
13408,2,62,28117.04,629.63,27487.41,4,4,4,Champions
13410,24,5,1003.06,14.15,988.91,3,4,3,Champions
13411,107,1,213.55,0,213.55,2,1,1,Regular Customers
13414,134,3,1390.5,0,1390.5,2,3,3,At Risk
13416,44,2,712.5,0,712.5,3,2,3,Regular Customers
13417,5,2,640.83,0,640.83,4,2,2,Regular Customers
13418,12,18,6127.43,281.99,5845.44,4,4,4,Champions
13419,64,1,221.06,0,221.06,2,1,1,Regular Customers
13420,150,2,159.85,19.5,140.35,1,2,1,Lost
13421,40,2,1833.71,2.1,1831.61,3,2,4,Regular Customers
13422,64,1,2626.3,24.75,2601.55,2,1,4,At Risk
13425,108,3,1624.21,0,1624.21,2,3,4,At Risk
13426,1,10,3641.32,90.62,3550.7,4,4,4,Champions
13427,19,3,582.6,0,582.6,3,3,2,Loyal Customers
13428,10,1,201.78,0,201.78,4,1,1,Regular Customers
13429,11,4,1006.8,0,1006.8,4,3,3,Champions
13430,19,2,679.45,30.76,648.69,3,2,2,Regular Customers
13431,67,2,1269.1,0,1269.1,2,2,3,At Risk
13434,74,2,534.24,0,534.24,2,2,2,Regular Customers
13435,5,7,3809.89,15.4,3794.49,4,4,4,Champions
13436,2,1,196.89,0,196.89,4,1,1,Regular Customers
13437,14,7,3408.06,0,3408.06,4,4,4,Champions
13439,255,1,283.71,0,283.71,1,1,1,Lost
13441,92,1,296.64,0,296.64,2,1,1,Regular Customers
13447,23,3,1129.14,24.91,1104.23,3,3,3,Champions
13448,17,6,3534.69,73.7,3460.99,4,4,4,Champions
13449,24,1,291.88,0,291.88,3,1,1,Regular Customers
13450,27,6,2043.72,0,2043.72,3,4,4,Champions
13451,26,5,2898.26,59.7,2838.56,3,4,4,Champions
13452,259,2,590,0,590,1,2,2,Lost
13453,166,2,356.98,0,356.98,1,2,2,Lost
13455,25,2,1058.34,50.99,1007.35,3,2,3,Regular Customers
13456,18,6,1766.72,28.9,1737.82,3,4,4,Champions
13458,7,14,9646.57,108.65,9537.92,4,4,4,Champions
13460,29,2,183.44,0,183.44,3,2,1,Regular Customers
13461,39,3,1445,0,1445,3,3,3,Champions
13462,253,1,151.5,8.25,143.25,1,1,1,Lost
13464,58,1,674.68,0,674.68,2,1,3,At Risk
13466,184,1,307.9,9.95,297.95,1,1,1,Lost
13467,11,2,1071.91,0,1071.91,4,2,3,Regular Customers
13468,2,37,5704.97,48.22,5656.75,4,4,4,Champions
13470,99,2,165,0,165,2,2,1,Regular Customers
13471,1,4,2501.84,0,2501.84,4,3,4,Champions
13473,61,2,422.64,5.1,417.54,2,2,2,Regular Customers
13474,236,1,226.84,0,226.84,1,1,1,Lost
13475,191,4,1431.78,0,1431.78,1,3,3,At Risk
13476,179,2,1238.47,145.7,1092.77,1,2,3,At Risk
13477,38,6,1454.58,13.05,1441.53,3,4,3,Champions
13479,201,2,300.95,9.95,291,1,2,1,Lost
13481,46,5,1804.56,27.75,1776.81,3,4,4,Champions
13482,232,1,184.64,0,184.64,1,1,1,Lost
13483,66,1,140.34,0,140.34,2,1,1,Regular Customers
13484,241,1,313.8,0,313.8,1,1,2,Lost
13485,233,1,454.24,0,454.24,1,1,2,Lost
13486,78,3,1122.41,0,1122.41,2,3,3,At Risk
13487,58,3,575.4,0,575.4,2,3,2,At Risk
13488,17,13,8968.31,57.7,8910.61,4,4,4,Champions
13489,105,4,449.52,0,449.52,2,3,2,At Risk
13491,52,10,1215.82,0,1215.82,2,4,3,At Risk
13492,136,3,1269.84,0,1269.84,2,3,3,At Risk
13493,275,2,618.63,0,618.63,1,2,2,Lost
13494,312,1,316.26,0,316.26,1,1,2,Lost
13495,8,5,2044.87,54.75,1990.12,4,4,4,Champions
13496,11,2,653.33,35.4,617.93,4,2,2,Regular Customers
13497,283,2,348.05,27,321.05,1,2,2,Lost
13499,18,5,1159.11,12.15,1146.96,3,4,3,Champions
13500,23,3,1166.77,30,1136.77,3,3,3,Champions
13501,288,1,1340.32,29.85,1310.47,1,1,3,At Risk
13502,17,3,292,0,292,4,3,1,Loyal Customers
13503,71,1,216.85,0,216.85,2,1,1,Regular Customers
13504,64,1,295.93,0,295.93,2,1,1,Regular Customers
13505,73,4,4393.63,110.75,4282.88,2,3,4,At Risk
13506,316,2,458.52,5.7,452.82,1,2,2,Lost
13507,3,4,2479.16,0,2479.16,4,3,4,Champions
13508,244,1,110.97,0,110.97,1,1,1,Lost
13509,9,7,979.72,0,979.72,4,4,3,Champions
13510,1,4,1791.56,6.4,1785.16,4,3,4,Champions
13512,261,1,251.21,0,251.21,1,1,1,Lost
13513,127,1,205.1,0,205.1,2,1,1,Regular Customers
13514,74,1,152.2,0,152.2,2,1,1,Regular Customers
13515,73,4,891.12,0,891.12,2,3,3,At Risk
13516,21,3,1389.41,0,1389.41,3,3,3,Champions
13517,60,3,2128.42,19.35,2109.07,2,3,4,At Risk
13518,86,1,627.16,0,627.16,2,1,2,Regular Customers
13519,78,1,122.75,11.95,110.8,2,1,1,Regular Customers
13520,59,6,3624.35,136.6,3487.75,2,4,4,At Risk
13521,1,3,1071.73,0,1071.73,4,3,3,Champions
13522,30,1,125.8,0,125.8,3,1,1,Regular Customers
13523,33,5,3964.88,209.5,3755.38,3,4,4,Champions
13524,41,5,680.18,0,680.18,3,4,3,Champions
13525,15,2,628.78,0,628.78,4,2,2,Regular Customers
13527,34,7,2242.36,23.75,2218.61,3,4,4,Champions
13529,79,2,307.76,0,307.76,2,2,2,Regular Customers
13531,205,2,483.8,0,483.8,1,2,2,Lost
13532,34,1,210.31,0,210.31,3,1,1,Regular Customers
13533,183,3,269.09,0,269.09,1,3,1,At Risk
13534,2,25,5870.08,257,5613.08,4,4,4,Champions
13536,1,7,3444.39,0,3444.39,4,4,4,Champions
13538,43,7,1280.85,0,1280.85,3,4,3,Champions
13539,86,3,631.34,25.5,605.84,2,3,2,At Risk
13544,40,2,276.06,0,276.06,3,2,1,Regular Customers
13546,12,3,621.09,0,621.09,4,3,2,Loyal Customers
13548,96,2,678.16,0,678.16,2,2,3,At Risk
13549,26,7,918.2,2.08,916.12,3,4,3,Champions
13551,319,1,91.8,0,91.8,1,1,1,Lost
13552,66,12,3740.07,200.54,3539.53,2,4,4,At Risk
13555,74,4,4098.88,0,4098.88,2,3,4,At Risk
13557,28,2,584.06,0,584.06,3,2,2,Regular Customers
13558,6,4,594.52,0,594.52,4,3,2,Loyal Customers
13560,7,1,171.42,0,171.42,4,1,1,Regular Customers
13561,216,1,141.86,0,141.86,1,1,1,Lost
13562,82,3,1799.33,0,1799.33,2,3,4,At Risk
13563,84,2,777.53,0,777.53,2,2,3,At Risk
13564,144,3,1724.67,1101.28,623.39,1,3,2,At Risk
13565,19,2,240.22,0,240.22,3,2,1,Regular Customers
13566,41,2,856.84,0,856.84,3,2,3,Regular Customers
13568,173,1,187.05,0,187.05,1,1,1,Lost
13569,17,2,338.62,0,338.62,4,2,2,Regular Customers
13570,243,1,239.49,0,239.49,1,1,1,Lost
13571,13,12,2088.94,0,2088.94,4,4,4,Champions
13572,206,1,1384.25,0,1384.25,1,1,3,At Risk
13573,50,2,290.25,0,290.25,3,2,1,Regular Customers
13575,23,5,732.07,0,732.07,3,4,3,Champions
13576,10,18,6717.34,14.04,6703.3,4,4,4,Champions
13577,25,4,1687.6,29.3,1658.3,3,3,4,Champions
13579,15,2,467.04,0,467.04,4,2,2,Regular Customers
13581,309,1,118,0,118,1,1,1,Lost
13583,156,1,781.03,0,781.03,1,1,3,At Risk
13584,307,1,142.4,0,142.4,1,1,1,Lost
13587,64,1,712.4,365.4,347,2,1,2,Regular Customers
13588,16,9,2478.95,33.83,2445.12,4,4,4,Champions
13589,15,2,379.65,0,379.65,4,2,2,Regular Customers
13590,11,6,1981.92,5.8,1976.12,4,4,4,Champions
13591,65,3,1117.13,0,1117.13,2,3,3,At Risk
13592,36,4,247.96,0,247.96,3,3,1,Loyal Customers
13593,108,5,2011.88,46.8,1965.08,2,4,4,At Risk
13594,53,1,396.97,0,396.97,2,1,2,Regular Customers
13596,6,2,664.11,0,664.11,4,2,3,Regular Customers
13598,47,1,160.04,12.75,147.29,3,1,1,Regular Customers
13599,1,21,5149.92,123.07,5026.85,4,4,4,Champions
13600,312,1,219.52,0,219.52,1,1,1,Lost
13601,45,2,693.32,0,693.32,3,2,3,Regular Customers
13602,65,1,428.89,0,428.89,2,1,2,Regular Customers
13603,26,1,164.34,0,164.34,3,1,1,Regular Customers
13606,29,3,276.75,0,276.75,3,3,1,Loyal Customers
13607,40,1,675.51,0,675.51,3,1,3,Regular Customers
13610,12,7,1082.33,16.45,1065.88,4,4,3,Champions
13611,89,3,1154.4,13.6,1140.8,2,3,3,At Risk
13614,24,4,1585.46,0,1585.46,3,3,3,Champions
13615,319,1,417.69,17.7,399.99,1,1,2,Lost
13617,40,3,544.18,0,544.18,3,3,2,Loyal Customers
13618,174,1,177.34,0,177.34,1,1,1,Lost
13621,117,1,213.85,0,213.85,2,1,1,Regular Customers
13623,31,5,727.74,75.34,652.4,3,4,3,Champions
13626,253,1,257.23,0,257.23,1,1,1,Lost
13627,59,5,1638.47,14.45,1624.02,2,4,4,At Risk
13629,23,11,7792.36,0,7792.36,3,4,4,Champions
13630,5,7,2031.78,36.1,1995.68,4,4,4,Champions
13631,100,11,3070.42,48.65,3021.77,2,4,4,At Risk
13632,25,5,2118.93,4.25,2114.68,3,4,4,Champions
13634,33,5,1547.36,0,1547.36,3,4,3,Champions
13635,68,1,1071.03,0,1071.03,2,1,3,At Risk
13636,37,5,949.12,7.5,941.62,3,4,3,Champions
13637,52,3,804.3,0,804.3,2,3,3,At Risk
13638,16,1,122.64,0,122.64,4,1,1,Regular Customers
13639,74,1,1033.34,0,1033.34,2,1,3,At Risk
13642,216,1,312.28,0,312.28,1,1,2,Lost
13643,31,3,519.44,0,519.44,3,3,2,Loyal Customers
13644,16,4,2624.26,26.74,2597.52,4,3,4,Champions
13645,120,1,252.1,0,252.1,2,1,1,Regular Customers
13647,10,4,1648.12,7.9,1640.22,4,3,4,Champions
13649,257,2,346.6,0,346.6,1,2,2,Lost
13650,17,6,1836.34,27,1809.34,4,4,4,Champions
13651,35,2,94.2,0,94.2,3,2,1,Regular Customers
13652,46,3,1095.08,0,1095.08,3,3,3,Champions
13654,43,6,2707.33,0,2707.33,3,4,4,Champions
13655,114,2,932.97,0,932.97,2,2,3,At Risk
13656,165,2,379.65,0,379.65,1,2,2,Lost
13657,11,2,382.14,0,382.14,4,2,2,Regular Customers
13658,10,5,2639.17,217.7,2421.47,4,4,4,Champions
13659,206,2,1563,22.35,1540.65,1,2,3,At Risk
13662,86,3,881.26,18.68,862.58,2,3,3,At Risk
13663,179,1,189.47,0,189.47,1,1,1,Lost
13666,60,3,84.65,0,84.65,2,3,1,At Risk
13667,149,1,299.05,0,299.05,1,1,2,Lost
13668,3,21,6309.83,147.52,6162.31,4,4,4,Champions
13669,51,2,218.55,0,218.55,2,2,1,Regular Customers
13670,75,1,349.7,0,349.7,2,1,2,Regular Customers
13672,301,2,186.39,257.85,-71.46,1,2,1,Lost
13673,19,2,387.44,0,387.44,3,2,2,Regular Customers
13675,151,2,486.82,0,486.82,1,2,2,Lost
13678,152,1,232.6,0,232.6,1,1,1,Lost
13680,1,4,3719.12,1520.11,2199.01,4,3,4,Champions
13681,18,4,827.83,0,827.83,3,3,3,Champions
13682,187,1,59.5,0,59.5,1,1,1,Lost
13684,286,1,65.13,3,62.13,1,1,1,Lost
13685,3,7,3119.44,0,3119.44,4,4,4,Champions
13686,183,1,72,0,72,1,1,1,Lost
13689,63,1,910,0,910,2,1,3,At Risk
13690,59,1,172.25,0,172.25,2,1,1,Regular Customers
13692,25,3,1488.32,21.45,1466.87,3,3,3,Champions
13694,4,50,65039.62,2349.08,62690.54,4,4,4,Champions
13695,31,15,2504.13,0,2504.13,3,4,4,Champions
13697,39,1,151.3,0,151.3,3,1,1,Regular Customers
13699,155,1,308.58,0,308.58,1,1,2,Lost
13700,26,10,2248.63,0,2248.63,3,4,4,Champions
13703,318,1,99.5,0,99.5,1,1,1,Lost
13704,5,9,2308.06,12.75,2295.31,4,4,4,Champions
13705,8,3,711.86,0,711.86,4,3,3,Champions
13706,303,1,330.79,0,330.79,1,1,2,Lost
13707,267,2,806.41,0,806.41,1,2,3,At Risk
13708,271,1,285.33,0,285.33,1,1,1,Lost
13709,4,13,6307.65,78.94,6228.71,4,4,4,Champions
13710,32,1,180.48,0,180.48,3,1,1,Regular Customers
13711,219,2,252.06,0,252.06,1,2,1,Lost
13712,247,1,228.84,0,228.84,1,1,1,Lost
13715,281,5,1077.39,25.4,1051.99,1,4,3,At Risk
13716,269,1,138.28,0,138.28,1,1,1,Lost
13717,32,6,1445.01,12.75,1432.26,3,4,3,Champions
13718,246,2,306.55,0,306.55,1,2,2,Lost
13719,15,5,1041.68,0,1041.68,4,4,3,Champions
13720,117,4,799.9,0,799.9,2,3,3,At Risk
13721,36,1,524.14,0,524.14,3,1,2,Regular Customers
13722,132,3,2375.41,6.25,2369.16,2,3,4,At Risk
13723,217,1,199.85,0,199.85,1,1,1,Lost
13725,50,8,1980.56,170.75,1809.81,3,4,4,Champions
13726,39,2,1079.66,0,1079.66,3,2,3,Regular Customers
13727,29,2,333.48,0,333.48,3,2,2,Regular Customers
13728,37,6,1016.14,0,1016.14,3,4,3,Champions
13730,136,2,752.6,0,752.6,2,2,3,At Risk
13731,219,2,610.59,0,610.59,1,2,2,Lost
13732,28,1,491.86,0,491.86,3,1,2,Regular Customers
13735,25,4,2883.54,119.06,2764.48,3,3,4,Champions
13736,5,2,729.8,7.9,721.9,4,2,3,Regular Customers
13737,200,1,339.6,0,339.6,1,1,2,Lost
13739,18,1,216.9,0,216.9,3,1,1,Regular Customers
13740,241,1,350.75,0,350.75,1,1,2,Lost
13741,72,3,668.43,2.1,666.33,2,3,3,At Risk
13742,17,12,3107.87,28.6,3079.27,4,4,4,Champions
13743,3,7,1341.6,1.45,1340.15,4,4,3,Champions
13744,95,2,1080.52,0,1080.52,2,2,3,At Risk
13745,162,1,300.04,8.5,291.54,1,1,1,Lost
13747,374,1,79.6,0,79.6,1,1,1,Lost
13748,96,5,948.25,0,948.25,2,4,3,At Risk
13750,54,5,1647.26,0,1647.26,2,4,4,At Risk
13751,288,1,296.25,0,296.25,1,1,1,Lost
13752,124,6,1175.38,0,1175.38,2,4,3,At Risk
13753,288,1,741.26,0,741.26,1,1,3,At Risk
13754,152,2,282.6,0,282.6,1,2,1,Lost
13755,4,9,2108.06,6.67,2101.39,4,4,4,Champions
13756,2,14,5189.52,44.4,5145.12,4,4,4,Champions
13758,12,7,3190.55,0,3190.55,4,4,4,Champions
13759,33,2,659.41,0,659.41,3,2,3,Regular Customers
13760,54,2,286.79,0,286.79,2,2,1,Regular Customers
13761,50,2,1070.65,0,1070.65,3,2,3,Regular Customers
13762,219,1,306.72,306.72,5.68E-14,1,1,1,Lost
13763,63,1,1714.96,25.5,1689.46,2,1,4,At Risk
13764,71,3,1519.42,0,1519.42,2,3,3,At Risk
13767,2,37,17220.36,274.65,16945.71,4,4,4,Champions
13769,2,10,2796.51,24.64,2771.87,4,4,4,Champions
13771,64,4,2634.45,2.75,2631.7,2,3,4,At Risk
13772,34,3,1122.63,0,1122.63,3,3,3,Champions
13774,82,1,345,0,345,2,1,2,Regular Customers
13777,1,33,25977.16,228.81,25748.35,4,4,4,Champions
13778,103,1,178.7,0,178.7,2,1,1,Regular Customers
13780,7,2,360.01,0,360.01,4,2,2,Regular Customers
13781,251,1,127.84,0,127.84,1,1,1,Lost
13782,13,6,908.86,0,908.86,4,4,3,Champions
13784,10,11,2462.79,0,2462.79,4,4,4,Champions
13786,367,1,230.4,0,230.4,1,1,1,Lost
13787,76,2,309.04,0,309.04,2,2,2,Regular Customers
13790,4,1,348.8,0,348.8,4,1,2,Regular Customers
13791,128,2,1516,468.32,1047.68,2,2,3,At Risk
13792,66,2,195.55,0,195.55,2,2,1,Regular Customers
13798,1,57,37153.85,800.98,36352.87,4,4,4,Champions
13799,117,2,688.86,0,688.86,2,2,3,At Risk
13800,310,1,558.32,0,558.32,1,1,2,Lost
13801,67,1,324.8,0,324.8,2,1,2,Regular Customers
13802,139,3,4599.42,693.15,3906.27,2,3,4,At Risk
13803,255,1,277.07,0,277.07,1,1,1,Lost
13804,31,7,2588.39,0,2588.39,3,4,4,Champions
13805,52,2,924.6,0,924.6,2,2,3,At Risk
13806,64,1,256.38,0,256.38,2,1,1,Regular Customers
13807,367,1,112.6,0,112.6,1,1,1,Lost
13808,6,5,1747.66,0,1747.66,4,4,4,Champions
13809,305,1,155.05,0,155.05,1,1,1,Lost
13810,29,3,1499.01,599.5,899.51,3,3,3,Champions
13811,184,3,814.5,222.75,591.75,1,3,2,At Risk
13812,42,3,539,0,539,3,3,2,Loyal Customers
13813,40,4,1366.86,13.45,1353.41,3,3,3,Champions
13814,92,2,1579.12,17,1562.12,2,2,3,At Risk
13815,22,4,4027.36,12.45,4014.91,3,3,4,Champions
13816,24,2,571.67,16.63,555.04,3,2,2,Regular Customers
13817,29,2,382.98,0,382.98,3,2,2,Regular Customers
13819,302,3,1140.35,0,1140.35,1,3,3,At Risk
13821,145,2,385.64,0,385.64,1,2,2,Lost
13822,6,2,632,0,632,4,2,2,Regular Customers
13823,19,2,957.66,0,957.66,3,2,3,Regular Customers
13824,33,5,1698.94,0,1698.94,3,4,4,Champions
13826,176,1,189.5,14.85,174.65,1,1,1,Lost
13827,58,3,409.8,0,409.8,2,3,2,At Risk
13828,22,1,209.49,0,209.49,3,1,1,Regular Customers
13831,16,6,2198.45,0,2198.45,4,4,4,Champions
13832,19,1,52.2,11.25,40.95,3,1,1,Regular Customers
13833,159,1,383.85,0,383.85,1,1,2,Lost
13835,25,4,834.57,0,834.57,3,3,3,Champions
13837,212,2,266.59,0,266.59,1,2,1,Lost
13838,6,4,674.82,0,674.82,4,3,3,Champions
13841,253,1,85,0,85,1,1,1,Lost
13842,59,9,3385.62,0,3385.62,2,4,4,At Risk
13844,11,1,361.62,0,361.62,4,1,2,Regular Customers
13845,65,1,312.98,0,312.98,2,1,2,Regular Customers
13846,25,3,865.06,17.45,847.61,3,3,3,Champions
13848,92,3,1255,0,1255,2,3,3,At Risk
13849,52,2,1537.95,0,1537.95,2,2,3,At Risk
13850,129,1,1595.48,8.67,1586.81,2,1,3,At Risk
13851,96,3,2651.46,0,2651.46,2,3,4,At Risk
13853,57,1,1090.14,33.2,1056.94,2,1,3,At Risk
13854,9,25,8109.52,84.5,8025.02,4,4,4,Champions
13856,169,3,388.5,25.1,363.4,1,3,2,At Risk
13858,57,1,216.17,0,216.17,2,1,1,Regular Customers
13859,326,1,201.16,0,201.16,1,1,1,Lost
13860,1,5,1245.9,5.9,1240,4,4,3,Champions
13862,18,8,2209.36,22.05,2187.31,3,4,4,Champions
13863,248,1,305.78,6.22,299.56,1,1,2,Lost
13865,58,4,501.56,0,501.56,2,3,2,At Risk
13866,74,1,145.67,0,145.67,2,1,1,Regular Customers
13867,31,3,1005.09,0,1005.09,3,3,3,Champions
13868,7,2,3192.54,0,3192.54,4,2,4,Regular Customers
13869,123,4,3083.65,0,3083.65,2,3,4,At Risk
13870,2,8,2770.94,19.69,2751.25,4,4,4,Champions
13871,23,13,6403.25,13.45,6389.8,3,4,4,Champions
13873,120,3,389.6,7.9,381.7,2,3,2,At Risk
13874,358,1,540.45,0,540.45,1,1,2,Lost
13875,54,5,1786.79,0,1786.79,2,4,4,At Risk
13876,64,1,122.7,0,122.7,2,1,1,Regular Customers
13877,86,1,117.24,0,117.24,2,1,1,Regular Customers
13878,55,1,1271.57,0,1271.57,2,1,3,At Risk
13880,21,13,3219.77,0,3219.77,3,4,4,Champions
13881,4,20,17159.52,170,16989.52,4,4,4,Champions
13882,3,5,1191.13,59.85,1131.28,4,4,3,Champions
13883,11,5,2674.48,135.73,2538.75,4,4,4,Champions
13884,7,5,787.6,6.3,781.3,4,4,3,Champions
13885,189,2,506.8,0,506.8,1,2,2,Lost
13886,71,1,243.56,0,243.56,2,1,1,Regular Customers
13887,204,1,349.55,0,349.55,1,1,2,Lost
13888,120,2,595.67,0,595.67,2,2,2,Regular Customers
13889,93,1,416.9,0,416.9,2,1,2,Regular Customers
13890,1,10,1883.81,22.95,1860.86,4,4,4,Champions
13892,27,4,632.97,0,632.97,3,3,2,Loyal Customers
13893,298,1,821.1,0,821.1,1,1,3,At Risk
13894,24,3,564.62,28.65,535.97,3,3,2,Loyal Customers
13895,28,4,2593.07,4.95,2588.12,3,3,4,Champions
13897,50,1,311.16,0,311.16,3,1,2,Regular Customers
13898,326,1,155.93,0,155.93,1,1,1,Lost
13899,16,2,388.52,0,388.52,4,2,2,Regular Customers
13900,183,3,740.95,0,740.95,1,3,3,At Risk
13901,72,5,2867.2,0,2867.2,2,4,4,At Risk
13904,37,2,332.64,0,332.64,3,2,2,Regular Customers
13908,80,4,2369.55,22.5,2347.05,2,3,4,At Risk
13911,57,9,2580.91,0,2580.91,2,4,4,At Risk
13914,12,2,626.45,12.5,613.95,4,2,2,Regular Customers
13917,50,2,272.04,0,272.04,3,2,1,Regular Customers
13918,50,2,1212.84,0,1212.84,3,2,3,Regular Customers
13919,59,2,384.81,34.65,350.16,2,2,2,Regular Customers
13922,352,1,172.25,0,172.25,1,1,1,Lost
13923,54,1,351.13,0,351.13,2,1,2,Regular Customers
13924,2,6,1838.85,156.77,1682.08,4,4,4,Champions
13925,93,4,678.25,61.6,616.65,2,3,2,At Risk
13926,23,1,223.85,0,223.85,3,1,1,Regular Customers
13927,75,1,348.99,0,348.99,2,1,2,Regular Customers
13928,11,4,464.57,0,464.57,4,3,2,Loyal Customers
13929,169,2,842.65,39.8,802.85,1,2,3,At Risk
13930,58,2,337.34,0,337.34,2,2,2,Regular Customers
13931,96,2,1237.53,6.6,1230.93,2,2,3,At Risk
13932,295,1,307.4,0,307.4,1,1,2,Lost
13933,109,2,608.79,0,608.79,2,2,2,Regular Customers
13934,264,1,922.1,0,922.1,1,1,3,At Risk
13936,180,1,376.58,15.3,361.28,1,1,2,Lost
13937,169,1,158.85,0,158.85,1,1,1,Lost
13938,35,1,71.66,0,71.66,3,1,1,Regular Customers
13939,23,3,568.55,11.8,556.75,3,3,2,Loyal Customers
13940,17,4,839.14,0,839.14,4,3,3,Champions
13941,22,5,5112.96,200.55,4912.41,3,4,4,Champions
13946,79,3,561.57,0,561.57,2,3,2,At Risk
13947,65,1,90.6,0,90.6,2,1,1,Regular Customers
13948,361,1,102,0,102,1,1,1,Lost
13949,3,6,2427.32,0,2427.32,4,4,4,Champions
13950,11,4,745.06,16.5,728.56,4,3,3,Champions
13951,176,3,674.45,0,674.45,1,3,3,At Risk
13952,218,2,3251.071,4.98,3246.091,1,2,4,At Risk
13953,7,7,3515.68,0,3515.68,4,4,4,Champions
13954,2,2,439.92,61.33,378.59,4,2,2,Regular Customers
13955,154,2,322.96,0,322.96,1,2,2,Lost
13956,5,5,1019.27,0,1019.27,4,4,3,Champions
13959,79,3,594.04,0,594.04,2,3,2,At Risk
13960,21,2,230.22,0,230.22,3,2,1,Regular Customers
13962,22,2,169.55,0,169.55,3,2,1,Regular Customers
13963,308,4,664.54,0,664.54,1,3,3,At Risk
13967,146,1,80.7,0,80.7,1,1,1,Lost
13969,7,18,9024.17,67.25,8956.92,4,4,4,Champions
13971,19,8,2758.26,56.04,2702.22,3,4,4,Champions
13972,71,2,190.25,0,190.25,2,2,1,Regular Customers
13973,287,1,264.7,0,264.7,1,1,1,Lost
13974,49,1,413.59,0,413.59,3,1,2,Regular Customers
13975,31,6,2461.24,23.05,2438.19,3,4,4,Champions
13976,207,1,357.98,0,357.98,1,1,2,Lost
13978,15,2,196.79,0,196.79,4,2,1,Regular Customers
13979,73,1,869.87,0,869.87,2,1,3,At Risk
13980,60,1,200.14,0,200.14,2,1,1,Regular Customers
13982,39,4,1871.81,10.7,1861.11,3,3,4,Champions
13983,30,12,2603.43,12.97,2590.46,3,4,4,Champions
13984,27,5,920.51,432.48,488.03,3,4,2,Loyal Customers
13985,4,15,7060.13,35.6,7024.53,4,4,4,Champions
13986,17,1,320.46,0,320.46,4,1,2,Regular Customers
13988,20,6,4147.96,49.16,4098.8,3,4,4,Champions
13989,66,2,1266.08,0,1266.08,2,2,3,At Risk
13990,213,1,311.3,0,311.3,1,1,2,Lost
13991,12,6,852.88,5.34,847.54,4,4,3,Champions
13992,30,1,76.8,0,76.8,3,1,1,Regular Customers
13993,43,9,3466.36,56.7,3409.66,3,4,4,Champions
13994,4,6,2274.14,0,2274.14,4,4,4,Champions
13995,15,5,1393.69,10.2,1383.49,4,4,3,Champions
13999,10,12,3901.81,36.55,3865.26,4,4,4,Champions
14000,211,1,635.66,1.95,633.71,1,1,2,Lost
14001,46,3,2043.08,12.75,2030.33,3,3,4,Champions
14002,134,2,529.73,0,529.73,2,2,2,Regular Customers
14004,43,7,4582.64,0,4582.64,3,4,4,Champions
14005,10,5,2874.72,0,2874.72,4,4,4,Champions
14006,116,3,962.19,0,962.19,2,3,3,At Risk
14009,198,2,695.61,9.68,685.93,1,2,3,At Risk
14012,278,1,328.8,0,328.8,1,1,2,Lost
14013,110,3,473.02,0,473.02,2,3,2,At Risk
14014,77,1,505.18,0,505.18,2,1,2,Regular Customers
14015,53,1,917.34,0,917.34,2,1,3,At Risk
14016,162,4,4341.21,12.75,4328.46,1,3,4,At Risk
14019,47,3,1421.61,22.65,1398.96,3,3,3,Champions
14020,17,2,642.8,0,642.8,4,2,2,Regular Customers
14021,155,3,631.9,0,631.9,1,3,2,At Risk
14022,225,1,440,0,440,1,1,2,Lost
14023,7,2,584.07,0,584.07,4,2,2,Regular Customers
14024,122,2,327.7,0,327.7,2,2,2,Regular Customers
14027,61,1,104.82,0,104.82,2,1,1,Regular Customers
14029,63,2,467.66,0,467.66,2,2,2,Regular Customers
14030,18,8,2358.84,0,2358.84,3,4,4,Champions
14031,7,19,17286.86,2652.22,14634.64,4,4,4,Champions
14032,2,11,2975.59,45.75,2929.84,4,4,4,Champions
14034,22,3,648.89,139.8,509.09,3,3,2,Loyal Customers
14035,29,5,1428.02,0,1428.02,3,4,3,Champions
14036,285,1,626.65,0,626.65,1,1,2,Lost
14037,176,2,147.2,0,147.2,1,2,1,Lost
14038,78,3,1560.38,5.9,1554.48,2,3,3,At Risk
14039,33,1,152.2,0,152.2,3,1,1,Regular Customers
14040,41,12,3560.32,72.73,3487.59,3,4,4,Champions
14041,266,1,141.41,0,141.41,1,1,1,Lost
14044,27,4,646.42,0,646.42,3,3,2,Loyal Customers
14045,109,4,1659.75,0,1659.75,2,3,4,At Risk
14046,284,1,154.99,0,154.99,1,1,1,Lost
14047,9,5,1308.61,18.6,1290.01,4,4,3,Champions
14048,305,1,409.93,34.8,375.13,1,1,2,Lost
14049,17,4,5578.72,42.57,5536.15,4,3,4,Champions
14050,32,2,746.36,0,746.36,3,2,3,Regular Customers
14051,1,23,15610.39,133.05,15477.34,4,4,4,Champions
14052,20,1,225.36,0,225.36,3,1,1,Regular Customers
14053,124,2,260.25,0,260.25,2,2,1,Regular Customers
14054,65,1,92.46,0,92.46,2,1,1,Regular Customers
14055,106,1,725.64,0,725.64,2,1,3,At Risk
14056,1,23,8152.71,90.25,8062.46,4,4,4,Champions
14057,24,17,6211.66,70.56,6141.1,3,4,4,Champions
14059,267,1,183.6,0,183.6,1,1,1,Lost
14060,5,19,6140.42,5.04,6135.38,4,4,4,Champions
14062,10,12,10464.85,0,10464.85,4,4,4,Champions
14064,29,5,1334.34,165.42,1168.92,3,4,3,Champions
14066,267,1,152.55,0,152.55,1,1,1,Lost
14067,64,2,374.7,0,374.7,2,2,2,Regular Customers
14068,320,1,265.85,0,265.85,1,1,1,Lost
14071,4,8,1437.57,131.41,1306.16,4,4,3,Champions
14073,32,1,151.04,11.5,139.54,3,1,1,Regular Customers
14075,5,3,942.26,0,942.26,4,3,3,Champions
14076,129,1,118.67,0,118.67,2,1,1,Regular Customers
14077,41,5,499.42,0,499.42,3,4,2,Loyal Customers
14078,102,6,1049.37,0,1049.37,2,4,3,At Risk
14079,125,1,375.1,0,375.1,2,1,2,Regular Customers
14080,33,1,45.6,0,45.6,3,1,1,Regular Customers
14081,302,2,921.62,29.85,891.77,1,2,3,At Risk
14082,365,1,182.25,0,182.25,1,1,1,Lost
14083,4,9,1002.9,0,1002.9,4,4,3,Champions
14085,2,18,4421.29,12.75,4408.54,4,4,4,Champions
14087,3,1,191.47,12.75,178.72,4,1,1,Regular Customers
14088,10,13,50491.81,76.32,50415.49,4,4,4,Champions
14089,57,1,158.75,0,158.75,2,1,1,Regular Customers
14090,325,1,76.32,0,76.32,1,1,1,Lost
14092,8,14,4076.91,13.81,4063.1,4,4,4,Champions
14093,12,1,433.86,0,433.86,4,1,2,Regular Customers
14096,4,17,65164.79,8043.88,57120.91,4,4,4,Champions
14098,37,1,147.35,0,147.35,3,1,1,Regular Customers
14099,16,11,3104.17,11.2,3092.97,4,4,4,Champions
14100,138,1,191.95,0,191.95,2,1,1,Regular Customers
14101,74,6,5976.79,0,5976.79,2,4,4,At Risk
14102,5,5,1105.88,45.55,1060.33,4,4,3,Champions
14104,155,2,216.21,0,216.21,1,2,1,Lost
14105,239,1,1266.23,5.9,1260.33,1,1,3,At Risk
14107,52,7,2703.23,14.75,2688.48,2,4,4,At Risk
14108,31,2,597.91,3.75,594.16,3,2,2,Regular Customers
14109,73,1,144.2,64,80.2,2,1,1,Regular Customers
14110,4,12,5683.15,13.5,5669.65,4,4,4,Champions
14111,14,4,692.85,4.25,688.6,4,3,3,Champions
14112,23,7,2915.15,140.98,2774.17,3,4,4,Champions
14113,4,4,1840.42,462.5,1377.92,4,3,3,Champions
14114,274,2,386.53,0,386.53,1,2,2,Lost
14116,20,5,1382.74,0,1382.74,3,4,3,Champions
14117,144,1,90,0,90,1,1,1,Lost
14121,4,4,2780.15,39.85,2740.3,4,3,4,Champions
14124,84,1,419.58,0,419.58,2,1,2,Regular Customers
14125,11,3,2720.63,0,2720.63,4,3,4,Champions
14126,8,3,706.13,62.5,643.63,4,3,2,Loyal Customers
14127,123,3,709.71,0,709.71,2,3,3,At Risk
14128,61,2,637.5,0,637.5,2,2,2,Regular Customers
14129,2,5,1123.86,0,1123.86,4,4,3,Champions
14130,319,1,480.91,0,480.91,1,1,2,Lost
14132,2,11,3586.03,5.9,3580.13,4,4,4,Champions
14133,130,3,605.64,15.3,590.34,2,3,2,At Risk
14135,2,15,4690.31,0,4690.31,4,4,4,Champions
14138,2,2,965.88,0,965.88,4,2,3,Regular Customers
14139,46,1,415.82,0,415.82,3,1,2,Regular Customers
14140,4,2,935.05,15,920.05,4,2,3,Regular Customers
14141,3,4,915.13,36.1,879.03,4,3,3,Champions
14142,373,1,311.81,0,311.81,1,1,2,Lost
14143,134,1,115.8,0,115.8,2,1,1,Regular Customers
14145,47,4,3742.2,594,3148.2,3,3,4,Champions
14146,9,5,4191,1241.43,2949.57,4,4,4,Champions
14147,78,2,483.4,15,468.4,2,2,2,Regular Customers
14148,234,1,157.2,0,157.2,1,1,1,Lost
14149,221,1,446.62,187.19,259.43,1,1,1,Lost
14150,36,2,658.64,0,658.64,3,2,3,Regular Customers
14152,75,2,621.29,10.2,611.09,2,2,2,Regular Customers
14154,239,2,1345.62,0,1345.62,1,2,3,At Risk
14155,266,1,118.75,0,118.75,1,1,1,Lost
14156,10,55,117210.08,3995.49,113214.59,4,4,4,Champions
14157,20,2,424.89,32.45,392.44,3,2,2,Regular Customers
14158,40,1,507.66,0,507.66,3,1,2,Regular Customers
14159,20,11,4630.35,14.71,4615.64,3,4,4,Champions
14161,216,3,1097.62,0,1097.62,1,3,3,At Risk
14162,174,2,289.36,0,289.36,1,2,1,Lost
14163,87,4,2445.91,0,2445.91,2,3,4,At Risk
14164,71,2,1631.77,0,1631.77,2,2,4,At Risk
14165,276,1,120.44,0,120.44,1,1,1,Lost
14167,39,4,562.59,0,562.59,3,3,2,Loyal Customers
14171,98,1,363.79,0,363.79,2,1,2,Regular Customers
14173,11,4,450.84,0,450.84,4,3,2,Loyal Customers
14174,33,1,134.46,0,134.46,3,1,1,Regular Customers
14175,60,3,3222.3,114.24,3108.06,2,3,4,At Risk
14176,297,4,576.9,2.9,574,1,3,2,At Risk
14177,86,4,549.46,4.95,544.51,2,3,2,At Risk
14178,9,7,1600.26,0,1600.26,4,4,3,Champions
14179,41,2,701.57,0,701.57,3,2,3,Regular Customers
14180,11,25,4748.52,107.75,4640.77,4,4,4,Champions
14184,67,1,452.89,0,452.89,2,1,2,Regular Customers
14185,331,1,197.65,0,197.65,1,1,1,Lost
14188,31,6,2054.36,35.45,2018.91,3,4,4,Champions
14189,2,15,4654.08,49.77,4604.31,4,4,4,Champions
14191,2,13,4684.76,24.75,4660.01,4,4,4,Champions
14193,68,2,853.39,0,853.39,2,2,3,At Risk
14194,5,21,11349.52,132.77,11216.75,4,4,4,Champions
14195,202,2,1012,49.3,962.7,1,2,3,At Risk
14196,107,1,335.52,0,335.52,2,1,2,Regular Customers
14198,18,4,701.4,37.9,663.5,3,3,3,Champions
14199,218,1,185.4,0,185.4,1,1,1,Lost
14201,60,7,747.44,59.4,688.04,2,4,3,At Risk
14204,2,1,150.61,0,150.61,4,1,1,Regular Customers
14205,17,2,466.7,247.92,218.78,4,2,1,Regular Customers
14206,239,1,328.16,19.9,308.26,1,1,2,Lost
14208,95,1,151.74,0,151.74,2,1,1,Regular Customers
14209,11,6,2073.43,6.3,2067.13,4,4,4,Champions
14210,106,6,1905.84,4.95,1900.89,2,4,4,At Risk
14211,53,9,2241.1,32.8,2208.3,2,4,4,At Risk
14212,90,1,1070.48,0,1070.48,2,1,3,At Risk
14214,31,5,1004.38,4.15,1000.23,3,4,3,Champions
14215,12,6,1789.72,11.8,1777.92,4,4,4,Champions
14216,3,4,1839.3,0,1839.3,4,3,4,Champions
14217,2,17,2004.98,79.62,1925.36,4,4,4,Champions
14218,43,1,169.48,0,169.48,3,1,1,Regular Customers
14219,4,1,89.94,0,89.94,4,1,1,Regular Customers
14220,247,2,632.4,0,632.4,1,2,2,Lost
14221,42,9,3432.8,4.95,3427.85,3,4,4,Champions
14222,177,1,683.17,0,683.17,1,1,3,At Risk
14223,92,3,991.13,15.9,975.23,2,3,3,At Risk
14224,110,4,1009.73,0,1009.73,2,3,3,At Risk
14226,29,5,2214.79,30.55,2184.24,3,4,4,Champions
14227,26,10,3350.96,35.25,3315.71,3,4,4,Champions
14229,52,3,1547.2,96.6,1450.6,2,3,3,At Risk
14231,184,3,925.71,103.65,822.06,1,3,3,At Risk
14232,43,5,2048.07,4.14,2043.93,3,4,4,Champions
14233,49,4,1462.72,15.21,1447.51,3,3,3,Champions
14234,22,4,754.12,0,754.12,3,3,3,Champions
14235,75,5,3144.86,51,3093.86,2,4,4,At Risk
14236,81,2,490.86,0,490.86,2,2,2,Regular Customers
14237,373,1,161,0,161,1,1,1,Lost
14238,326,1,146.85,0,146.85,1,1,1,Lost
14239,43,11,2380.85,57.35,2323.5,3,4,4,Champions
14240,30,2,890.34,0,890.34,3,2,3,Regular Customers
14241,184,1,213.7,0,213.7,1,1,1,Lost
14242,235,2,280.55,0,280.55,1,2,1,Lost
14243,9,10,2588.77,52.89,2535.88,4,4,4,Champions
14245,220,2,1693.45,15.97,1677.48,1,2,4,At Risk
14246,111,3,1474.06,0,1474.06,2,3,3,At Risk
14247,278,1,136.77,0,136.77,1,1,1,Lost
14248,318,1,302.58,0,302.58,1,1,2,Lost
14250,7,3,1904.05,0,1904.05,4,3,4,Champions
14251,2,5,2879.7,0,2879.7,4,4,4,Champions
14256,260,2,969.06,34,935.06,1,2,3,At Risk
14257,64,5,3099.72,12.45,3087.27,2,4,4,At Risk
14258,9,9,12669.98,19.9,12650.08,4,4,4,Champions
14259,142,1,120,0,120,2,1,1,Regular Customers
14261,51,2,1163.45,0,1163.45,2,2,3,At Risk
14262,8,8,2618.23,0,2618.23,4,4,4,Champions
14264,155,2,333.97,14.5,319.47,1,2,2,Lost
14265,109,2,530.18,0,530.18,2,2,2,Regular Customers
14267,163,3,1516.24,237.15,1279.09,1,3,3,At Risk
14270,332,1,492.65,0,492.65,1,1,2,Lost
14271,226,1,112.32,0,112.32,1,1,1,Lost
14272,74,2,437.96,0,437.96,2,2,2,Regular Customers
14273,51,4,559.97,0,559.97,2,3,2,At Risk
14276,99,3,1119.74,100.35,1019.39,2,3,3,At Risk
14277,15,3,4188,259.2,3928.8,4,3,4,Champions
14280,197,1,134.04,0,134.04,1,1,1,Lost
14282,3,15,3701.44,0,3701.44,4,4,4,Champions
14284,31,2,595.25,16.8,578.45,3,2,2,Regular Customers
14285,21,4,1910.01,0,1910.01,3,3,4,Champions
14286,24,3,4628.75,32.94,4595.81,3,3,4,Champions
14287,8,3,176.63,25.4,151.23,4,3,1,Loyal Customers
14288,213,1,426.6,12.75,413.85,1,1,2,Lost
14289,9,6,911.26,0,911.26,4,4,3,Champions
14290,11,5,2314.65,7.2,2307.45,4,4,4,Champions
14291,2,11,3883.25,9.95,3873.3,4,4,4,Champions
14292,8,9,4871.93,52.6,4819.33,4,4,4,Champions
14293,3,4,1046.56,0,1046.56,4,3,3,Champions
14295,40,1,166.2,11.5,154.7,3,1,1,Regular Customers
14297,18,4,1305.33,21.27,1284.06,3,3,3,Champions
14298,8,44,51527.3,664.86,50862.44,4,4,4,Champions
14299,8,9,3965.62,1110.27,2855.35,4,4,4,Champions
14300,19,1,43.2,0,43.2,3,1,1,Regular Customers
14301,117,1,640.14,8.1,632.04,2,1,2,Regular Customers
14304,223,1,383.45,186.35,197.1,1,1,1,Lost
14305,71,3,1858.96,55.2,1803.76,2,3,4,At Risk
14306,51,2,2093.32,9.9,2083.42,2,2,4,At Risk
14307,89,6,2995.72,0,2995.72,2,4,4,At Risk
14309,8,9,2352.53,32.85,2319.68,4,4,4,Champions
14311,243,1,310.26,80.55,229.71,1,1,1,Lost
14312,47,6,1611.59,0,1611.59,3,4,3,Champions
14314,107,1,120,0,120,2,1,1,Regular Customers
14315,45,6,2481.13,24.15,2456.98,3,4,4,Champions
14317,65,1,508.58,0,508.58,2,1,2,Regular Customers
14320,207,2,477.79,134.68,343.11,1,2,2,Lost
14321,11,5,1530.75,0,1530.75,4,4,3,Champions
14323,115,2,605.06,30.8,574.26,2,2,2,Regular Customers
14326,242,1,183.85,17,166.85,1,1,1,Lost
14327,163,1,311.65,0,311.65,1,1,2,Lost
14329,17,7,4975.24,86.1,4889.14,4,4,4,Champions
14331,124,2,462.66,0,462.66,2,2,2,Regular Customers
14332,23,3,840.21,0,840.21,3,3,3,Champions
14333,68,1,415.2,63.75,351.45,2,1,2,Regular Customers
14334,17,8,2552.21,12.75,2539.46,4,4,4,Champions
14335,16,2,454.86,0,454.86,4,2,2,Regular Customers
14336,17,4,1614.91,0,1614.91,4,3,3,Champions
14338,161,2,588.22,34,554.22,1,2,2,Lost
14339,243,1,309.52,19.61,289.91,1,1,1,Lost
14340,219,1,134.7,0,134.7,1,1,1,Lost
14341,45,8,2166.98,15.9,2151.08,3,4,4,Champions
14342,21,4,668.56,60.85,607.71,3,3,2,Loyal Customers
14344,127,8,889.93,0,889.93,2,4,3,At Risk
14345,39,1,108.98,0,108.98,3,1,1,Regular Customers
14346,121,2,1021.58,0,1021.58,2,2,3,At Risk
14348,260,1,409.57,0,409.57,1,1,2,Lost
14349,10,1,133.5,0,133.5,4,1,1,Regular Customers
14350,274,1,282.93,24.23,258.7,1,1,1,Lost
14351,165,1,51,0,51,1,1,1,Lost
14352,157,4,1078.96,0,1078.96,1,3,3,At Risk
14353,215,1,90.6,0,90.6,1,1,1,Lost
14354,6,2,163.62,0,163.62,4,2,1,Regular Customers
14355,366,1,174.4,0,174.4,1,1,1,Lost
14356,80,2,701.23,34.29,666.94,2,2,3,At Risk
14357,43,1,225.12,0,225.12,3,1,1,Regular Customers
14359,19,3,912.18,29.6,882.58,3,3,3,Champions
14360,32,4,2118.03,0,2118.03,3,3,4,Champions
14362,22,1,151.5,0,151.5,3,1,1,Regular Customers
14364,109,8,3717.35,0,3717.35,2,4,4,At Risk
14367,8,16,9227.82,93.7,9134.12,4,4,4,Champions
14368,320,1,155,0,155,1,1,1,Lost
14371,295,1,100.5,0,100.5,1,1,1,Lost
14373,358,1,76.55,0,76.55,1,1,1,Lost
14375,185,1,235.56,0,235.56,1,1,1,Lost
14377,191,2,617.05,0,617.05,1,2,2,Lost
14379,44,2,348.1,0,348.1,3,2,2,Regular Customers
14381,52,1,202.68,0,202.68,2,1,1,Regular Customers
14382,26,1,615.49,0,615.49,3,1,2,Regular Customers
14383,38,3,1247.69,0,1247.69,3,3,3,Champions
14385,9,3,202.11,0,202.11,4,3,1,Loyal Customers
14386,297,1,142.4,0,142.4,1,1,1,Lost
14387,33,3,1727.6,0,1727.6,3,3,4,Champions
14388,10,8,3212.84,40.8,3172.04,4,4,4,Champions
14389,65,2,1043.46,43.74,999.72,2,2,3,At Risk
14390,10,9,4642.57,60.35,4582.22,4,4,4,Champions
14393,218,1,67.95,0,67.95,1,1,1,Lost
14395,2,9,3479.91,35.8,3444.11,4,4,4,Champions
14396,65,2,487.99,0,487.99,2,2,2,Regular Customers
14397,3,19,2612.96,56.28,2556.68,4,4,4,Champions
14400,149,1,574.7,15,559.7,1,1,2,Lost
14401,4,13,4051.48,11.5,4039.98,4,4,4,Champions
14403,130,4,1475.81,49.5,1426.31,2,3,3,At Risk
14404,34,6,1449.32,39.6,1409.72,3,4,3,Champions
14406,119,1,156.75,0,156.75,2,1,1,Regular Customers
14407,107,6,2157.73,46.65,2111.08,2,4,4,At Risk
14408,11,7,2599.03,0,2599.03,4,4,4,Champions
14409,71,6,2059.45,151.2,1908.25,2,4,4,At Risk
14410,92,9,1100.27,526.82,573.45,2,4,2,At Risk
14411,311,1,1063,0,1063,1,1,3,At Risk
14412,43,2,770.03,8.7,761.33,3,2,3,Regular Customers
14413,362,1,121.05,0,121.05,1,1,1,Lost
14414,92,7,1496.98,11.85,1485.13,2,4,3,At Risk
14415,1,13,5855.57,88.72,5766.85,4,4,4,Champions
14416,22,2,490.22,0,490.22,3,2,2,Regular Customers
14418,4,3,1937.25,0,1937.25,4,3,4,Champions
14419,11,6,1051.79,0,1051.79,4,4,3,Champions
14420,99,1,387.52,1.65,385.87,2,1,2,Regular Customers
14421,57,2,813.11,0,813.11,2,2,3,At Risk
14422,1,6,4263.64,0,4263.64,4,4,4,Champions
14423,218,1,265.2,0,265.2,1,1,1,Lost
14424,18,1,322.08,0,322.08,3,1,2,Regular Customers
14426,24,10,4481.67,562.77,3918.9,3,4,4,Champions
14427,50,2,363.34,0,363.34,3,2,2,Regular Customers
14428,7,5,1224.06,14.69,1209.37,4,4,3,Champions
14431,303,1,470.36,47.1,423.26,1,1,2,Lost
14432,10,6,2248.5,0,2248.5,4,4,4,Champions
14434,22,6,1372.8,0,1372.8,3,4,3,Champions
14436,99,1,89.06,0,89.06,2,1,1,Regular Customers
14437,366,1,63,106.4,-43.4,1,1,1,Lost
14438,306,1,131.9,0,131.9,1,1,1,Lost
14439,320,1,2661.24,0,2661.24,1,1,4,At Risk
14440,8,5,2357.68,0,2357.68,4,4,4,Champions
14441,1,4,1712.89,167.75,1545.14,4,3,3,Champions
14442,205,2,1589.82,45.2,1544.62,1,2,3,At Risk
14443,54,4,1420.2,19.32,1400.88,2,3,3,At Risk
14446,1,4,1010.35,0,1010.35,4,3,3,Champions
14447,19,5,1163.23,0,1163.23,3,4,3,Champions
14448,9,2,375.35,0,375.35,4,2,2,Regular Customers
14449,19,4,885.8,0,885.8,3,3,3,Champions
14450,181,3,483.25,0,483.25,1,3,2,At Risk
14451,60,2,643.9,0,643.9,2,2,2,Regular Customers
14452,11,2,259.05,0,259.05,4,2,1,Regular Customers
14453,190,1,119.93,0,119.93,1,1,1,Lost
14456,5,9,3017.28,14.77,3002.51,4,4,4,Champions
14457,311,1,113.64,0,113.64,1,1,1,Lost
14459,155,1,1837.92,0,1837.92,1,1,4,At Risk
14460,110,3,434.34,51,383.34,2,3,2,At Risk
14461,148,3,2103.06,0,2103.06,1,3,4,At Risk
14462,66,11,1980.57,38.12,1942.45,2,4,4,At Risk
14463,98,3,529.62,0,529.62,2,3,2,At Risk
14465,247,3,1038.44,0,1038.44,1,3,3,At Risk
14466,29,7,2272.4,0,2272.4,3,4,4,Champions
14467,18,4,596.26,0,596.26,3,3,2,Loyal Customers
14470,12,2,461.19,0,461.19,4,2,2,Regular Customers
14472,104,8,1852.67,0,1852.67,2,4,4,At Risk
14473,74,2,234.34,0,234.34,2,2,1,Regular Customers
14474,46,1,547.66,9.95,537.71,3,1,2,Regular Customers
14475,72,3,925.85,126.03,799.82,2,3,3,At Risk
14476,257,1,193,0,193,1,1,1,Lost
14477,20,4,1309.6,1.79,1307.81,3,3,3,Champions
14479,254,2,316.25,0,316.25,1,2,2,Lost
14480,11,1,279.05,0,279.05,4,1,1,Regular Customers
14481,165,2,636.51,0,636.51,1,2,2,Lost
14482,18,6,2022.81,0,2022.81,3,4,4,Champions
14483,282,1,137.1,7.9,129.2,1,1,1,Lost
14484,50,1,321.92,0,321.92,3,1,2,Regular Customers
14485,39,1,162.8,0,162.8,3,1,1,Regular Customers
14487,27,6,1165.48,12.75,1152.73,3,4,3,Champions
14488,68,1,1064.28,16.85,1047.43,2,1,3,At Risk
14489,207,1,463.38,0,463.38,1,1,2,Lost
14491,175,2,340.93,0,340.93,1,2,2,Lost
14493,7,5,2383.24,20.4,2362.84,4,4,4,Champions
14494,26,1,139.56,0,139.56,3,1,1,Regular Customers
14495,51,2,123.8,0,123.8,2,2,1,Regular Customers
14496,312,2,538.81,0,538.81,1,2,2,Lost
14497,309,1,475.37,17.9,457.47,1,1,2,Lost
14498,43,5,1957.32,0,1957.32,3,4,4,Champions
14499,26,3,808.44,0,808.44,3,3,3,Champions
14500,88,3,356.85,0,356.85,2,3,2,At Risk
14501,184,2,251.21,60.9,190.31,1,2,1,Lost
14502,20,11,2429.83,119.65,2310.18,3,4,4,Champions
14503,3,6,3543.26,0,3543.26,4,4,4,Champions
14504,47,4,673.26,0,673.26,3,3,3,Champions
14505,17,8,5859.43,86.94,5772.49,4,4,4,Champions
14506,17,5,1960.65,0,1960.65,4,4,4,Champions
14507,24,6,1367.88,15,1352.88,3,4,3,Champions
14508,22,2,268.05,0,268.05,3,2,1,Regular Customers
14511,11,5,1314.81,47.4,1267.41,4,4,3,Champions
14512,188,2,275.28,0,275.28,1,2,1,Lost
14513,101,3,455.59,17.1,438.49,2,3,2,At Risk
14514,61,3,990.2,0,990.2,2,3,3,At Risk
14515,18,6,2076.89,0,2076.89,3,4,4,Champions
14517,33,2,330.45,0,330.45,3,2,2,Regular Customers
14518,64,1,174.37,0,174.37,2,1,1,Regular Customers
14520,2,2,270.6,0,270.6,4,2,1,Regular Customers
14522,24,4,974.54,0,974.54,3,3,3,Champions
14523,108,1,241.09,0,241.09,2,1,1,Regular Customers
14524,32,9,1843.83,0,1843.83,3,4,4,Champions
14525,20,9,4215.9,110.83,4105.07,3,4,4,Champions
14527,3,55,8507.13,797.44,7709.69,4,4,4,Champions
14528,37,1,364.22,0,364.22,3,1,2,Regular Customers
14529,60,3,578.61,0,578.61,2,3,2,At Risk
14530,26,6,2862.11,0,2862.11,3,4,4,Champions
14532,236,4,932.85,0,932.85,1,3,3,At Risk
14533,25,7,1949.72,137.1,1812.62,3,4,4,Champions
14534,3,18,4397.3,371.7,4025.6,4,4,4,Champions
14535,60,3,2854.84,23.1,2831.74,2,3,4,At Risk
14536,260,1,170.95,0,170.95,1,1,1,Lost
14537,58,1,355.56,0,355.56,2,1,2,Regular Customers
14538,65,2,388.25,0,388.25,2,2,2,Regular Customers
14539,16,2,537.48,0,537.48,4,2,2,Regular Customers
14540,10,3,952.66,0,952.66,4,3,3,Champions
14541,59,8,1453.35,0,1453.35,2,4,3,At Risk
14542,186,1,103.25,0,103.25,1,1,1,Lost
14543,29,16,3599.73,683.56,2916.17,3,4,4,Champions
14544,24,2,2004.3,0,2004.3,3,2,4,Regular Customers
14546,5,5,2573.93,91.07,2482.86,4,4,4,Champions
14547,4,8,3974.75,20.8,3953.95,4,4,4,Champions
14548,151,2,652.8,0,652.8,1,2,3,At Risk
14549,311,1,289.24,0,289.24,1,1,1,Lost
14550,11,2,757.37,0,757.37,4,2,3,Regular Customers
14551,18,2,186.23,0,186.23,3,2,1,Regular Customers
14552,152,1,164.22,0,164.22,1,1,1,Lost
14553,19,5,859.27,0,859.27,3,4,3,Champions
14554,10,4,2279.49,0,2279.49,4,3,4,Champions
14555,57,2,312.54,0,312.54,2,2,2,Regular Customers
14557,85,1,788.38,788.38,0,2,1,1,Regular Customers
14560,7,22,2237.77,63.59,2174.18,4,4,4,Champions
14561,76,3,1080.76,0,1080.76,2,3,3,At Risk
14562,4,18,5006.77,330.15,4676.62,4,4,4,Champions
14565,96,4,3099.12,25.35,3073.77,2,3,4,At Risk
14566,111,1,1432,0,1432,2,1,3,At Risk
14567,57,2,1530.36,5.9,1524.46,2,2,3,At Risk
14569,1,1,227.39,0,227.39,4,1,1,Regular Customers
14570,281,2,218.06,0,218.06,1,2,1,Lost
14572,3,7,2804.54,29.15,2775.39,4,4,4,Champions
14573,180,9,1639.82,49.7,1590.12,1,4,3,At Risk
14576,372,1,35.4,0,35.4,1,1,1,Lost
14577,13,4,859.71,0,859.71,4,3,3,Champions
14578,3,1,168.63,0,168.63,4,1,1,Regular Customers
14581,17,1,138.6,0,138.6,4,1,1,Regular Customers
14582,41,1,114.11,0,114.11,3,1,1,Regular Customers
14583,6,5,986.96,0,986.96,4,4,3,Champions
14584,169,4,1033.06,13,1020.06,1,3,3,At Risk
14585,50,1,157.05,0,157.05,3,1,1,Regular Customers
14586,277,1,237.36,103.2,134.16,1,1,1,Lost
14587,19,9,1580.29,2.9,1577.39,3,4,3,Champions
14589,372,1,39.75,0,39.75,1,1,1,Lost
14591,15,4,1320.21,0,1320.21,4,3,3,Champions
14592,35,3,557.94,0,557.94,3,3,2,Loyal Customers
14593,22,3,617.15,0,617.15,3,3,2,Loyal Customers
14594,7,2,363.33,0,363.33,4,2,2,Regular Customers
14595,20,6,1740.6,0,1740.6,3,4,4,Champions
14597,11,2,866.24,0,866.24,4,2,3,Regular Customers
14598,44,1,221.97,0,221.97,3,1,1,Regular Customers
14600,306,1,393.33,0,393.33,1,1,2,Lost
14601,11,1,213.96,0,213.96,4,1,1,Regular Customers
14603,275,1,660,0,660,1,1,3,At Risk
14606,1,93,12076.15,442.8,11633.35,4,4,4,Champions
14607,16,14,16209.5,5228.4,10981.1,4,4,4,Champions
14608,4,4,1785.15,0,1785.15,4,3,4,Champions
14609,72,4,601.56,0,601.56,2,3,2,At Risk
14616,243,3,406.08,0,406.08,1,3,2,At Risk
14618,9,3,553.44,14.85,538.59,4,3,2,Loyal Customers
14619,246,1,394.44,14.93,379.51,1,1,2,Lost
14620,206,2,412.78,19.5,393.28,1,2,2,Lost
14621,1,5,1788.36,22.6,1765.76,4,4,4,Champions
14622,185,1,320.58,0,320.58,1,1,2,Lost
14623,32,5,886.7,19.9,866.8,3,4,3,Champions
14624,57,2,225.85,0,225.85,2,2,1,Regular Customers
14625,196,2,899.63,51.15,848.48,1,2,3,At Risk
14626,24,4,2791.27,34.2,2757.07,3,3,4,Champions
14628,91,2,671.96,0,671.96,2,2,3,At Risk
14629,4,2,955.26,19.8,935.46,4,2,3,Regular Customers
14631,51,3,1006.98,0,1006.98,2,3,3,At Risk
14632,263,1,114.56,0,114.56,1,1,1,Lost
14633,266,1,344.9,0,344.9,1,1,2,Lost
14636,36,2,609.85,0,609.85,3,2,2,Regular Customers
14638,51,1,443.6,0,443.6,2,1,2,Regular Customers
14639,52,6,2984.49,32.15,2952.34,2,4,4,At Risk
14640,24,6,2107.38,82.93,2024.45,3,4,4,Champions
14641,22,1,110.46,0,110.46,3,1,1,Regular Customers
14642,59,1,96.12,0,96.12,2,1,1,Regular Customers
14643,170,2,693.81,25.2,668.61,1,2,3,At Risk
14644,68,2,830.76,50.3,780.46,2,2,3,At Risk
14645,157,2,597.09,0,597.09,1,2,2,Lost
14646,2,73,280206.02,717,279489.02,4,4,4,Champions
14647,201,1,236.04,0,236.04,1,1,1,Lost
14649,5,4,1402.59,0,1402.59,4,3,3,Champions
14651,67,2,653.75,0,653.75,2,2,3,At Risk
14652,77,1,114.18,0,114.18,2,1,1,Regular Customers
14653,1,7,1926.65,0,1926.65,4,4,4,Champions
14655,8,4,1932.23,2.08,1930.15,4,3,4,Champions
14656,169,2,291.05,0,291.05,1,2,1,Lost
14657,18,4,848.22,9.95,838.27,3,3,3,Champions
14658,5,2,247.15,0,247.15,4,2,1,Regular Customers
14659,9,9,2529.93,73.4,2456.53,4,4,4,Champions
14660,87,2,285.74,0,285.74,2,2,1,Regular Customers
14661,27,1,107.95,0,107.95,3,1,1,Regular Customers
14662,29,4,741.37,0,741.37,3,3,3,Champions
14664,20,2,636.24,0,636.24,3,2,2,Regular Customers
14665,61,5,1835.7,577.32,1258.38,2,4,3,At Risk
14666,24,1,195.25,0,195.25,3,1,1,Regular Customers
14667,11,25,9175.04,10,9165.04,4,4,4,Champions
14669,242,3,1259.24,0,1259.24,1,3,3,At Risk
14670,280,2,392.86,0,392.86,1,2,2,Lost
14672,235,2,765.55,0,765.55,1,2,3,At Risk
14673,3,5,1736.4,0,1736.4,4,4,4,Champions
14675,16,1,596.36,0,596.36,4,1,2,Regular Customers
14676,31,6,2548.24,5,2543.24,3,4,4,Champions
14680,25,16,28754.11,1821.77,26932.34,3,4,4,Champions
14681,71,3,498.95,0,498.95,2,3,2,At Risk
14682,188,2,52,0,52,1,2,1,Lost
14684,26,5,1201.51,0,1201.51,3,4,3,Champions
14687,107,1,628.38,0,628.38,2,1,2,Regular Customers
14688,8,21,5579.1,523.49,5055.61,4,4,4,Champions
14689,209,1,112.8,0,112.8,1,1,1,Lost
14690,44,2,355.05,13.09,341.96,3,2,2,Regular Customers
14691,31,5,2114.33,0,2114.33,3,4,4,Champions
14692,137,4,591.55,9.5,582.05,2,3,2,At Risk
14693,265,1,172.9,0,172.9,1,1,1,Lost
14696,4,7,2078.95,7.98,2070.97,4,4,4,Champions
14697,218,2,188.61,0,188.61,1,2,1,Lost
14698,2,5,1217.27,0,1217.27,4,4,3,Champions
14699,214,1,109.13,0,109.13,1,1,1,Lost
14700,32,3,2195.1,0,2195.1,3,3,4,Champions
14701,11,9,2526.09,63.15,2462.94,4,4,4,Champions
14702,1,17,3251.79,41.5,3210.29,4,4,4,Champions
14703,15,1,318.17,0,318.17,4,1,2,Regular Customers
14704,11,9,1493.96,0,1493.96,4,4,3,Champions
14705,199,1,179,0,179,1,1,1,Lost
14708,3,3,1126.37,29.7,1096.67,4,3,3,Champions
14709,15,13,4921.04,9.9,4911.14,4,4,4,Champions
14710,14,4,599.48,0,599.48,4,3,2,Loyal Customers
14711,10,11,2839.62,30.6,2809.02,4,4,4,Champions
14712,29,3,917.07,0,917.07,3,3,3,Champions
14713,9,11,2662.2,2.1,2660.1,4,4,4,Champions
14714,24,1,160.19,0,160.19,3,1,1,Regular Customers
14715,25,4,867.38,0,867.38,3,3,3,Champions
14716,43,2,307.51,0,307.51,3,2,2,Regular Customers
14719,2,5,1581.84,9.95,1571.89,4,4,3,Champions
14720,6,3,663.81,0,663.81,4,3,3,Champions
14722,147,1,180.42,0,180.42,1,1,1,Lost
14723,10,6,1122.36,0,1122.36,4,4,3,Champions
14725,25,1,655.58,0,655.58,3,1,3,Regular Customers
14727,274,1,268.58,0,268.58,1,1,1,Lost
14729,374,1,313.49,0,313.49,1,1,2,Lost
14730,1,8,1897.57,0,1897.57,4,4,4,Champions
14731,47,3,380.02,0,380.02,3,3,2,Loyal Customers
14732,8,8,2702.49,16.15,2686.34,4,4,4,Champions
14733,16,12,9585.91,134.37,9451.54,4,4,4,Champions
14735,4,32,6065.69,258,5807.69,4,4,4,Champions
14737,4,3,1164.55,0,1164.55,4,3,3,Champions
14738,43,7,1314.45,24.51,1289.94,3,4,3,Champions
14739,4,7,3902.28,3.18,3899.1,4,4,4,Champions
14740,197,3,1448.21,25,1423.21,1,3,3,At Risk
14741,12,6,1400.34,0,1400.34,4,4,3,Champions
14744,16,7,1099.98,11.45,1088.53,4,4,3,Champions
14745,113,5,1220.26,53.1,1167.16,2,4,3,At Risk
14747,249,1,328.2,33.9,294.3,1,1,1,Lost
14748,29,5,1415.75,103.96,1311.79,3,4,3,Champions
14752,44,1,389.64,0,389.64,3,1,2,Regular Customers
14753,87,1,563.15,0,563.15,2,1,2,Regular Customers
14754,45,2,638.05,0,638.05,3,2,2,Regular Customers
14755,10,11,5010.28,44.9,4965.38,4,4,4,Champions
14756,15,1,738.96,0,738.96,4,1,3,Regular Customers
14757,75,1,420.5,0,420.5,2,1,2,Regular Customers
14758,145,4,1484.06,0,1484.06,1,3,3,At Risk
14759,5,3,1625.97,0,1625.97,4,3,4,Champions
14760,297,1,89.2,35.4,53.8,1,1,1,Lost
14761,59,2,255.9,0,255.9,2,2,1,Regular Customers
14762,264,1,300.52,0,300.52,1,1,2,Lost
14764,47,1,278.3,27.75,250.55,3,1,1,Regular Customers
14765,29,3,254.11,0,254.11,3,3,1,Loyal Customers
14766,8,6,2473.37,50.3,2423.07,4,4,4,Champions
14768,17,2,192.6,53.1,139.5,4,2,1,Regular Customers
14769,3,8,10416.98,33.15,10383.83,4,4,4,Champions
14770,232,2,876.42,0,876.42,1,2,3,At Risk
14772,112,1,139.26,0,139.26,2,1,1,Regular Customers
14775,58,3,1011.9,0,1011.9,2,3,3,At Risk
14776,51,11,2538.3,342.72,2195.58,2,4,4,At Risk
14778,127,2,730.86,0,730.86,2,2,3,At Risk
14779,281,3,386.15,0,386.15,1,3,2,At Risk
14780,55,2,447.68,0,447.68,2,2,2,Regular Customers
14782,320,1,200.1,0,200.1,1,1,1,Lost
14784,26,2,289.99,0,289.99,3,2,1,Regular Customers
14785,10,2,77.4,0,77.4,4,2,1,Regular Customers
14788,7,2,679.44,0,679.44,4,2,3,Regular Customers
14789,29,1,197.64,0,197.64,3,1,1,Regular Customers
14790,17,4,745.06,0,745.06,4,3,3,Champions
14792,64,1,6.2,6.2,0,2,1,1,Regular Customers
14793,21,1,228.99,14.85,214.14,3,1,1,Regular Customers
14794,3,7,1319.91,47.8,1272.11,4,4,3,Champions
14795,166,1,131.45,0,131.45,1,1,1,Lost
14796,1,17,7975.49,182.98,7792.51,4,4,4,Champions
14798,53,3,173.74,0,173.74,2,3,1,At Risk
14799,51,1,157.7,0,157.7,2,1,1,Regular Customers
14800,48,12,4331.79,103.4,4228.39,3,4,4,Champions
14801,61,1,189.34,0,189.34,2,1,1,Regular Customers
14803,162,3,845.55,0,845.55,1,3,3,At Risk
14804,9,1,353.27,0,353.27,4,1,2,Regular Customers
14805,15,4,546.4,0,546.4,4,3,2,Loyal Customers
14806,75,1,193.39,0,193.39,2,1,1,Regular Customers
14808,40,8,2718.6,565.8,2152.8,3,4,4,Champions
14810,41,11,2085.33,0,2085.33,3,4,4,Champions
14813,370,2,152.88,0,152.88,1,2,1,Lost
14815,37,2,778.5,0,778.5,3,2,3,Regular Customers
14816,197,1,271.85,0,271.85,1,1,1,Lost
14817,200,2,1110.34,0,1110.34,1,2,3,At Risk
14818,74,3,657.8,0,657.8,2,3,3,At Risk
14819,64,2,272.07,0,272.07,2,2,1,Regular Customers
14820,21,4,507.29,0,507.29,3,3,2,Loyal Customers
14821,367,1,48.8,0,48.8,1,1,1,Lost
14823,180,3,321.43,0,321.43,1,3,2,At Risk
14824,10,4,1127.71,0,1127.71,4,3,3,Champions
14825,4,12,2221.01,0,2221.01,4,4,4,Champions
14828,197,3,2139.76,0,2139.76,1,3,4,At Risk
14829,29,4,697.55,52.9,644.65,3,3,2,Loyal Customers
14830,53,1,188.88,0,188.88,2,1,1,Regular Customers
14834,18,6,1720.3,21.95,1698.35,3,4,4,Champions
14836,10,3,102.45,0,102.45,4,3,1,Loyal Customers
14837,90,4,1649.5,8.3,1641.2,2,3,4,At Risk
14840,268,1,62.85,0,62.85,1,1,1,Lost
14841,53,6,3295.76,0,3295.76,2,4,4,At Risk
14842,44,4,2824.69,367.89,2456.8,3,3,4,Champions
14844,64,4,3189.81,0,3189.81,2,3,4,At Risk
14847,149,1,309.4,0,309.4,1,1,2,Lost
14849,22,25,7930.54,26.26,7904.28,3,4,4,Champions
14850,312,1,325.75,47.6,278.15,1,1,1,Lost
14851,23,2,511.35,0,511.35,3,2,2,Regular Customers
14852,58,6,2836.69,0,2836.69,2,4,4,At Risk
14853,24,2,475.8,12.75,463.05,3,2,2,Regular Customers
14854,78,7,2740.03,9.94,2730.09,2,4,4,At Risk
14855,119,2,645.65,0,645.65,2,2,2,Regular Customers
14856,36,3,1290.53,0,1290.53,3,3,3,Champions
14857,60,2,1173.12,7.47,1165.65,2,2,3,At Risk
14859,13,4,1353.74,1.7,1352.04,4,3,3,Champions
14860,19,1,170.32,1.7,168.62,3,1,1,Regular Customers
14861,52,1,125.79,0,125.79,2,1,1,Regular Customers
14862,26,2,841.2,0,841.2,3,2,3,Regular Customers
14863,29,1,266.76,0,266.76,3,1,1,Regular Customers
14865,7,2,52.2,0,52.2,4,2,1,Regular Customers
14866,11,12,14389.9,192.45,14197.45,4,4,4,Champions
14867,186,3,710.28,8.95,701.33,1,3,3,At Risk
14868,3,8,2953.59,13.95,2939.64,4,4,4,Champions
14869,9,2,721.45,3.75,717.7,4,2,3,Regular Customers
14870,262,1,327.25,0,327.25,1,1,2,Lost
14871,3,4,501.28,0,501.28,4,3,2,Loyal Customers
14873,210,1,519.68,0,519.68,1,1,2,Lost
14875,108,2,1465.32,16.6,1448.72,2,2,3,At Risk
14878,13,9,1476.09,0,1476.09,4,4,3,Champions
14880,77,3,690.59,0,690.59,2,3,3,At Risk
14881,20,1,255.4,0,255.4,3,1,1,Regular Customers
14882,27,2,589.7,0,589.7,3,2,2,Regular Customers
14883,19,6,761.59,4.95,756.64,3,4,3,Champions
14885,132,1,765.32,0,765.32,2,1,3,At Risk
14886,253,1,364.8,0,364.8,1,1,2,Lost
14887,79,1,1862,0,1862,2,1,4,At Risk
14888,207,1,369.2,0,369.2,1,1,2,Lost
14889,336,1,135.9,0,135.9,1,1,1,Lost
14890,254,1,125.65,0,125.65,1,1,1,Lost
14891,148,2,554.38,0,554.38,1,2,2,Lost
14893,10,2,1237.85,0,1237.85,4,2,3,Regular Customers
14894,85,1,655.75,0,655.75,2,1,3,At Risk
14895,8,20,11138.71,118.45,11020.26,4,4,4,Champions
14896,205,2,468.77,0,468.77,1,2,2,Lost
14897,8,4,1366.38,0,1366.38,4,3,3,Champions
14898,23,6,1269.31,75.2,1194.11,3,4,3,Champions
14901,11,9,1421.29,6.3,1414.99,4,4,3,Champions
14902,26,1,332.66,18.55,314.11,3,1,2,Regular Customers
14903,21,5,2795.33,66.15,2729.18,3,4,4,Champions
14904,2,2,1025.44,0,1025.44,4,2,3,Regular Customers
14905,158,2,616.15,16.25,599.9,1,2,2,Lost
14907,3,7,3501.1,22.25,3478.85,4,4,4,Champions
14908,74,1,277.8,0,277.8,2,1,1,Regular Customers
14910,3,4,434.35,44.49,389.86,4,3,2,Loyal Customers
14911,1,201,143711.17,11252.44,132458.73,4,4,4,Champions
14912,17,2,867.85,26.33,841.52,4,2,3,Regular Customers
14913,36,4,1227.43,0,1227.43,3,3,3,Champions
14915,91,2,307.48,48.65,258.83,2,2,1,Regular Customers
14916,71,4,1268.98,4.14,1264.84,2,3,3,At Risk
14918,116,2,1610.15,0,1610.15,2,2,3,At Risk
14920,213,2,977.77,0,977.77,1,2,3,At Risk
14921,30,2,1316.07,0,1316.07,3,2,3,Regular Customers
14923,51,1,749.1,0,749.1,2,1,3,At Risk
14924,246,1,310.05,0,310.05,1,1,2,Lost
14929,32,1,223.88,0,223.88,3,1,1,Regular Customers
14930,109,3,2362.96,0,2362.96,2,3,4,At Risk
14931,5,5,1257.68,293,964.68,4,4,3,Champions
14932,366,1,363.53,0,363.53,1,1,2,Lost
14934,82,2,1890.94,2.1,1888.84,2,2,4,At Risk
14935,297,1,1784.71,0,1784.71,1,1,4,At Risk
14936,34,8,8137.02,19.6,8117.42,3,4,4,Champions
14937,57,3,1621.88,4.25,1617.63,2,3,3,At Risk
14944,30,12,5900.25,57.3,5842.95,3,4,4,Champions
14946,14,1,100.9,0,100.9,4,1,1,Regular Customers
14947,72,2,290.82,0,290.82,2,2,1,Regular Customers
14948,23,6,1101.97,35.4,1066.57,3,4,3,Champions
14950,19,1,371.2,9.95,361.25,3,1,2,Regular Customers
14951,79,1,311.69,0,311.69,2,1,2,Regular Customers
14952,60,11,8099.49,186.7,7912.79,2,4,4,At Risk
14953,25,1,285.67,0,285.67,3,1,1,Regular Customers
14954,12,1,294.85,0,294.85,4,1,1,Regular Customers
14957,253,1,58.49,0,58.49,1,1,1,Lost
14958,147,3,483.73,0,483.73,1,3,2,At Risk
14959,64,4,695.42,10.45,684.97,2,3,3,At Risk
14960,8,2,221.27,0,221.27,4,2,1,Regular Customers
14961,11,9,7044.68,38.1,7006.58,4,4,4,Champions
14962,271,1,126.7,0,126.7,1,1,1,Lost
14963,10,5,1472.34,0,1472.34,4,4,3,Champions
14964,247,1,206.21,0,206.21,1,1,1,Lost
14965,96,2,596.09,0,596.09,2,2,2,Regular Customers
14966,15,1,183.02,0,183.02,4,1,1,Regular Customers
14967,50,1,463.8,0,463.8,3,1,2,Regular Customers
14968,30,1,147.59,0,147.59,3,1,1,Regular Customers
14970,68,4,1592.06,0,1592.06,2,3,3,At Risk
14971,35,3,1097.98,0,1097.98,3,3,3,Champions
14972,128,1,114.77,0,114.77,2,1,1,Regular Customers
14973,107,3,1314.45,0,1314.45,2,3,3,At Risk
14974,37,1,89.94,0,89.94,3,1,1,Regular Customers
14975,57,1,279.94,0,279.94,2,1,1,Regular Customers
14976,57,7,790.86,25,765.86,2,4,3,At Risk
14978,72,5,1921.37,0,1921.37,2,4,4,At Risk
14981,246,1,102.12,0,102.12,1,1,1,Lost
14984,19,2,202.37,0,202.37,3,2,1,Regular Customers
14985,198,2,292.01,0,292.01,1,2,1,Lost
14987,16,2,326.4,0,326.4,4,2,2,Regular Customers
14988,212,1,334.54,0,334.54,1,1,2,Lost
14995,39,2,231.98,0,231.98,3,2,1,Regular Customers
14997,46,3,546.2,5.22,540.98,3,3,2,Loyal Customers
14998,170,2,414.87,0,414.87,1,2,2,Lost
15000,48,1,490.52,0,490.52,3,1,2,Regular Customers
15002,116,4,1641.76,0,1641.76,2,3,4,At Risk
15004,147,1,1220.77,0,1220.77,1,1,3,At Risk
15005,16,28,6295.37,134.83,6160.54,4,4,4,Champions
15006,51,1,480.38,0,480.38,2,1,2,Regular Customers
15007,159,1,156.91,0,156.91,1,1,1,Lost
15009,12,3,1259.43,0,1259.43,4,3,3,Champions
15010,36,1,308.94,0,308.94,3,1,2,Regular Customers
15012,54,2,405.04,0,405.04,2,2,2,Regular Customers
15014,43,2,257.67,0,257.67,3,2,1,Regular Customers
15016,173,1,170.04,0,170.04,1,1,1,Lost
15017,34,1,125.58,0,125.58,3,1,1,Regular Customers
15018,39,3,496.21,39.95,456.26,3,3,2,Loyal Customers
15019,267,1,252.81,0,252.81,1,1,1,Lost
15021,9,9,1871.77,42.54,1829.23,4,4,4,Champions
15022,12,4,852.39,0,852.39,4,3,3,Champions
15023,3,11,6720.41,39.6,6680.81,4,4,4,Champions
15024,10,10,1636.43,0,1636.43,4,4,4,Champions
15025,33,1,361.96,0,361.96,3,1,2,Regular Customers
15026,80,3,469,0,469,2,3,2,At Risk
15027,31,4,1066.15,14.2,1051.95,3,3,3,Champions
15028,8,4,627.13,0,627.13,4,3,2,Loyal Customers
15030,72,2,518.28,0,518.28,2,2,2,Regular Customers
15031,4,4,653.19,0,653.19,4,3,3,Champions
15032,256,3,4959.1,495,4464.1,1,3,4,At Risk
15033,5,10,2557.18,15.65,2541.53,4,4,4,Champions
15034,16,8,4274.16,30.95,4243.21,4,4,4,Champions
15035,90,1,252.73,0,252.73,2,1,1,Regular Customers
15036,72,3,429.56,0,429.56,2,3,2,At Risk
15038,59,6,685.74,39.9,645.84,2,4,2,At Risk
15039,10,47,19766.59,128,19638.59,4,4,4,Champions
15041,170,1,179.93,0,179.93,1,1,1,Lost
15042,199,1,135.93,0,135.93,1,1,1,Lost
15043,31,1,537,0,537,3,1,2,Regular Customers
15044,19,17,7634.73,70.85,7563.88,3,4,4,Champions
15045,152,2,735.66,102,633.66,1,2,2,Lost
15046,9,15,5090.42,149.76,4940.66,4,4,4,Champions
15047,270,1,343.62,0,343.62,1,1,2,Lost
15048,65,4,381,3.48,377.52,2,3,2,At Risk
15049,274,1,121.17,0,121.17,1,1,1,Lost
15050,25,3,1737.69,54.92,1682.77,3,3,4,Champions
15051,23,3,1383.36,0,1383.36,3,3,3,Champions
15052,319,1,207.73,0,207.73,1,1,1,Lost
15053,5,3,693.95,0,693.95,4,3,3,Champions
15054,12,2,302.1,0,302.1,4,2,2,Regular Customers
15057,275,2,1489.5,0,1489.5,1,2,3,At Risk
15058,25,11,2102.54,0,2102.54,3,4,4,Champions
15059,41,9,1337.72,11.9,1325.82,3,4,3,Champions
15060,8,4,294.25,0,294.25,4,3,1,Loyal Customers
15061,4,48,54534.14,305.4,54228.74,4,4,4,Champions
15062,71,4,987.86,0,987.86,2,3,3,At Risk
15063,213,1,370.8,0,370.8,1,1,2,Lost
15065,38,4,3158.13,22.15,3135.98,3,3,4,Champions
15066,53,1,893.59,133,760.59,2,1,3,At Risk
15067,78,3,1744.76,0,1744.76,2,3,4,At Risk
15068,46,2,553.36,0,553.36,3,2,2,Regular Customers
15069,179,1,1109.53,0,1109.53,1,1,3,At Risk
15070,373,1,106.2,0,106.2,1,1,1,Lost
15071,94,2,982.07,0,982.07,2,2,3,At Risk
15073,10,3,1043.41,430.98,612.43,4,3,2,Loyal Customers
15074,105,1,735.67,0,735.67,2,1,3,At Risk
15075,78,1,773.03,0,773.03,2,1,3,At Risk
15076,173,1,880.85,0,880.85,1,1,3,At Risk
15078,7,32,9743.11,119.76,9623.35,4,4,4,Champions
15079,213,4,895.61,1.95,893.66,1,3,3,At Risk
15081,22,5,504.8,17.45,487.35,3,4,2,Loyal Customers
15083,257,1,88.2,0,88.2,1,1,1,Lost
15087,282,1,306.94,0,306.94,1,1,2,Lost
15088,21,2,1160.07,19.8,1140.27,3,2,3,Regular Customers
15089,10,6,2420.84,0,2420.84,4,4,4,Champions
15090,308,1,381.32,0,381.32,1,1,2,Lost
15091,68,1,480.71,3.75,476.96,2,1,2,Regular Customers
15092,215,2,457.81,0,457.81,1,2,2,Lost
15093,18,6,4597.02,186.88,4410.14,3,4,4,Champions
15095,104,4,1370.6,5.9,1364.7,2,3,3,At Risk
15096,43,1,219.39,0,219.39,3,1,1,Regular Customers
15097,4,1,248.08,0,248.08,4,1,1,Regular Customers
15098,182,3,39916.5,39267,649.5,1,3,2,At Risk
15099,84,1,410.48,0,410.48,2,1,2,Regular Customers
15100,334,3,876,240.9,635.1,1,3,2,At Risk
15101,9,2,317.53,7.5,310.03,4,2,2,Regular Customers
15103,31,2,703.36,0,703.36,3,2,3,Regular Customers
15104,197,2,993.54,24.9,968.64,1,2,3,At Risk
15105,18,7,2298.93,0,2298.93,3,4,4,Champions
15106,18,5,1422.52,14.79,1407.73,3,4,3,Champions
15107,311,6,319.5,71.84,247.66,1,4,1,At Risk
15108,142,4,1300.25,8.5,1291.75,2,3,3,At Risk
15109,246,1,484.95,21.2,463.75,1,1,2,Lost
15110,24,4,996.1,22.9,973.2,3,3,3,Champions
15111,29,3,1567.48,0,1567.48,3,3,3,Champions
15113,10,3,3509.43,169.92,3339.51,4,3,4,Champions
15114,30,10,2760.56,0,2760.56,3,4,4,Champions
15115,18,1,340.11,0,340.11,3,1,2,Regular Customers
15116,18,4,1352.75,0,1352.75,3,3,3,Champions
15117,15,5,1551.78,1.65,1550.13,4,4,3,Champions
15118,134,1,244.8,0,244.8,2,1,1,Regular Customers
15119,246,1,266.4,0,266.4,1,1,1,Lost
15120,134,1,358.82,15,343.82,2,1,2,Regular Customers
15121,50,2,457.72,0,457.72,3,2,2,Regular Customers
15122,114,3,1633.78,21.65,1612.13,2,3,3,At Risk
15123,7,2,2199.31,0,2199.31,4,2,4,Regular Customers
15124,23,2,184.19,0,184.19,3,2,1,Regular Customers
15125,25,15,11528.48,411.43,11117.05,3,4,4,Champions
15127,66,1,406.53,0,406.53,2,1,2,Regular Customers
15128,60,4,1471,51.46,1419.54,2,3,3,At Risk
15129,50,11,3447.4,0,3447.4,3,4,4,Champions
15130,170,1,330.11,0,330.11,1,1,2,Lost
15132,18,5,977.93,0,977.93,3,4,3,Champions
15133,128,3,982.42,0,982.42,2,3,3,At Risk
15134,15,8,1387.99,0,1387.99,4,4,3,Champions
15135,239,1,139.05,11.9,127.15,1,1,1,Lost
15136,3,4,1286.7,4.25,1282.45,4,3,3,Champions
15139,240,2,178.96,0,178.96,1,2,1,Lost
15140,52,7,2354.25,4.25,2350,2,4,4,At Risk
15142,46,1,498.74,0,498.74,3,1,2,Regular Customers
15143,226,1,259.45,0,259.45,1,1,1,Lost
15144,8,17,6580.44,50.4,6530.04,4,4,4,Champions
15145,4,4,1194.73,0,1194.73,4,3,3,Champions
15146,165,2,1327.16,13.5,1313.66,1,2,3,At Risk
15147,240,1,623.5,14.85,608.65,1,1,2,Lost
15148,11,1,301.29,0,301.29,4,1,2,Regular Customers
15149,134,1,520.8,0,520.8,2,1,2,Regular Customers
15150,17,10,5291.33,10.5,5280.83,4,4,4,Champions
15152,10,13,4745.69,61.45,4684.24,4,4,4,Champions
15153,31,1,329.25,0,329.25,3,1,2,Regular Customers
15154,75,1,254.28,29.55,224.73,2,1,1,Regular Customers
15156,1,3,961.49,0,961.49,4,3,3,Champions
15157,4,3,1936.07,66.57,1869.5,4,3,4,Champions
15158,45,1,401.4,0,401.4,3,1,2,Regular Customers
15159,2,30,18641.01,67.33,18573.68,4,4,4,Champions
15160,357,1,158.16,0,158.16,1,1,1,Lost
15163,18,2,304.47,0,304.47,3,2,2,Regular Customers
15164,69,3,824.58,0,824.58,2,3,3,At Risk
15165,373,1,487.75,0,487.75,1,1,2,Lost
15167,321,1,158.8,0,158.8,1,1,1,Lost
15168,26,1,106.56,0,106.56,3,1,1,Regular Customers
15171,331,1,1289.5,255,1034.5,1,1,3,At Risk
15172,9,5,1624.05,0,1624.05,4,4,4,Champions
15174,323,1,135.75,0,135.75,1,1,1,Lost
15175,72,1,224.14,0,224.14,2,1,1,Regular Customers
15178,260,1,40.5,0,40.5,1,1,1,Lost
15179,18,5,2206.95,20.75,2186.2,3,4,4,Champions
15180,367,1,87.5,0,87.5,1,1,1,Lost
15181,66,3,689.48,9.2,680.28,2,3,3,At Risk
15182,154,2,622.85,0,622.85,1,2,2,Lost
15184,29,2,402.2,0,402.2,3,2,2,Regular Customers
15185,70,1,310.62,0,310.62,2,1,2,Regular Customers
15186,14,2,411.41,0,411.41,4,2,2,Regular Customers
15187,2,16,4777.18,107.1,4670.08,4,4,4,Champions
15189,1,41,16225.39,423.25,15802.14,4,4,4,Champions
15192,120,3,1044.32,0,1044.32,2,3,3,At Risk
15193,61,1,499.32,0,499.32,2,1,2,Regular Customers
15194,3,15,7616.53,95.36,7521.17,4,4,4,Champions
15195,3,1,3861,0,3861,4,1,4,Regular Customers
15197,11,3,1079.61,423.17,656.44,4,3,3,Champions
15198,92,2,193.64,0,193.64,2,2,1,Regular Customers
15199,59,4,1268.7,0,1268.7,2,3,3,At Risk
15201,87,5,1236.54,308.7,927.84,2,4,3,At Risk
15203,26,6,1827.8,0,1827.8,3,4,4,Champions
15204,357,1,316.58,0,316.58,1,1,2,Lost
15205,85,2,653.24,4.41,648.83,2,2,2,Regular Customers
15206,10,4,420.3,0,420.3,4,3,2,Loyal Customers
15208,1,5,870.12,2.5,867.62,4,4,3,Champions
15210,225,1,331.18,0,331.18,1,1,2,Lost
15211,60,2,894.41,0,894.41,2,2,3,At Risk
15212,241,1,101.8,12.85,88.95,1,1,1,Lost
15213,319,2,328.35,3.3,325.05,1,2,2,Lost
15214,2,8,1661.44,0,1661.44,4,4,4,Champions
15215,47,3,734.94,118.95,615.99,3,3,2,Loyal Customers
15216,88,1,96.6,0,96.6,2,1,1,Regular Customers
15218,11,11,5756.89,0,5756.89,4,4,4,Champions
15219,176,1,305.75,0,305.75,1,1,2,Lost
15220,52,6,1778.96,20.04,1758.92,2,4,4,At Risk
15221,366,1,403.25,289.15,114.1,1,1,1,Lost
15222,319,1,585,0,585,1,1,2,Lost
15223,226,2,755.75,300.85,454.9,1,2,2,Lost
15224,358,2,322.08,11.6,310.48,1,2,2,Lost
15225,234,1,409.4,0,409.4,1,1,2,Lost
15226,311,1,154.41,0,154.41,1,1,1,Lost
15227,37,5,1219.4,0,1219.4,3,4,3,Champions
15228,66,4,3386.71,9.75,3376.96,2,3,4,At Risk
15230,239,2,429.6,0,429.6,1,2,2,Lost
15232,113,2,612.06,0,612.06,2,2,2,Regular Customers
15234,277,1,197,0,197,1,1,1,Lost
15235,218,12,2247.51,0,2247.51,1,4,4,At Risk
15236,299,1,321.05,0,321.05,1,1,2,Lost
15237,2,4,1412.32,0,1412.32,4,3,3,Champions
15238,29,3,1071.99,15.45,1056.54,3,3,3,Champions
15239,10,2,780.59,16.25,764.34,4,2,3,Regular Customers
15240,45,5,1706.57,21,1685.57,3,4,4,Champions
15241,67,8,1756.44,17.85,1738.59,2,4,4,At Risk
15243,74,1,316.68,0,316.68,2,1,2,Regular Customers
15244,65,2,631.57,0,631.57,2,2,2,Regular Customers
15245,134,3,2515.84,0,2515.84,2,3,4,At Risk
15246,238,2,514.15,0,514.15,1,2,2,Lost
15247,122,1,356,0,356,2,1,2,Regular Customers
15249,32,13,6688.46,31.1,6657.36,3,4,4,Champions
15251,9,11,10484.99,157.88,10327.11,4,4,4,Champions
15252,36,2,740.78,0,740.78,3,2,3,Regular Customers
15253,16,5,918.2,2.9,915.3,4,4,3,Champions
15254,127,1,300.36,0,300.36,2,1,2,Regular Customers
15255,67,1,890.85,0,890.85,2,1,3,At Risk
15256,149,1,98.45,0,98.45,1,1,1,Lost
15257,283,1,317.15,85,232.15,1,1,1,Lost
15258,169,2,623.16,0,623.16,1,2,2,Lost
15260,100,7,1810.77,30,1780.77,2,4,4,At Risk
15261,135,1,254.82,0,254.82,2,1,1,Regular Customers
15262,324,1,178.95,0,178.95,1,1,1,Lost
15263,107,1,156.51,0,156.51,2,1,1,Regular Customers
15264,64,1,393.74,0,393.74,2,1,2,Regular Customers
15265,151,2,1506.12,0,1506.12,1,2,3,At Risk
15266,338,1,119.3,0,119.3,1,1,1,Lost
15267,22,5,1717.36,0,1717.36,3,4,4,Champions
15269,24,1,408.8,0,408.8,3,1,2,Regular Customers
15270,16,7,2379.49,81.29,2298.2,4,4,4,Champions
15271,7,15,2493.34,21.25,2472.09,4,4,4,Champions
15272,57,2,721.94,0,721.94,2,2,3,At Risk
15274,4,2,716.57,0,716.57,4,2,3,Regular Customers
15275,38,1,615.14,5.95,609.19,3,1,2,Regular Customers
15276,66,1,128.63,0,128.63,2,1,1,Regular Customers
15277,47,1,255.9,0,255.9,3,1,1,Regular Customers
15279,355,1,290.51,13.1,277.41,1,1,1,Lost
15280,172,1,113.12,0,113.12,1,1,1,Lost
15281,59,9,2332.15,92.2,2239.95,2,4,4,At Risk
15286,50,1,240.55,0,240.55,3,1,1,Regular Customers
15287,22,2,486.69,1.45,485.24,3,2,2,Regular Customers
15288,43,5,2306.52,0,2306.52,3,4,4,Champions
15289,29,3,939.78,4.68,935.1,3,3,3,Champions
15290,5,18,7943.22,139.45,7803.77,4,4,4,Champions
15291,26,15,4668.3,71.79,4596.51,3,4,4,Champions
15292,201,1,178.39,0,178.39,1,1,1,Lost
15296,51,6,3672.86,62.55,3610.31,2,4,4,At Risk
15297,10,3,641.94,6.9,635.04,4,3,2,Loyal Customers
15298,2,12,4799.9,1025.8,3774.1,4,4,4,Champions
15299,67,7,4507.01,719.92,3787.09,2,4,4,At Risk
15300,64,1,496.44,0,496.44,2,1,2,Regular Customers
15301,51,12,5049.95,42.23,5007.72,2,4,4,At Risk
15303,290,1,574.02,0,574.02,1,1,2,Lost
15304,61,8,694.4,14.1,680.3,2,4,3,At Risk
15306,64,3,1174.35,0,1174.35,2,3,3,At Risk
15307,96,1,205.3,0,205.3,2,1,1,Regular Customers
15308,274,1,310.47,8.2,302.27,1,1,2,Lost
15311,1,91,60632.75,1348.56,59284.19,4,4,4,Champions
15312,75,4,924.85,3.75,921.1,2,3,3,At Risk
15313,110,1,52,0,52,2,1,1,Regular Customers
15314,199,1,327.97,0,327.97,1,1,2,Lost
15315,64,2,570.5,18.96,551.54,2,2,2,Regular Customers
15316,327,1,165,0,165,1,1,1,Lost
15318,4,1,312.62,0,312.62,4,1,2,Regular Customers
15319,284,1,204.5,0,204.5,1,1,1,Lost
15320,44,1,267.13,0,267.13,3,1,1,Regular Customers
15321,71,3,2748.31,84.83,2663.48,2,3,4,At Risk
15322,86,1,679.68,76.71,602.97,2,1,2,Regular Customers
15325,104,1,161.74,0,161.74,2,1,1,Regular Customers
15326,334,1,311.71,0,311.71,1,1,2,Lost
15327,53,1,208.75,0,208.75,2,1,1,Regular Customers
15329,39,3,1049.7,44.2,1005.5,3,3,3,Champions
15330,32,2,714.96,0,714.96,3,2,3,Regular Customers
15332,366,4,1661.06,0,1661.06,1,3,4,At Risk
15333,208,1,1028.56,0,1028.56,1,1,3,At Risk
15334,157,3,350.82,0,350.82,1,3,2,At Risk
15335,54,1,170.22,0,170.22,2,1,1,Regular Customers
15339,66,2,574.07,16.5,557.57,2,2,2,Regular Customers
15341,81,1,2020.52,0,2020.52,2,1,4,At Risk
15342,130,1,406.09,14.33,391.76,2,1,2,Regular Customers
15343,87,1,364.5,0,364.5,2,1,2,Regular Customers
15344,1,3,563.94,87.36,476.58,4,3,2,Loyal Customers
15345,46,1,393.54,25.85,367.69,3,1,2,Regular Customers
15346,333,1,252.42,0,252.42,1,1,1,Lost
15347,366,1,201.6,0,201.6,1,1,1,Lost
15348,72,1,158.04,0,158.04,2,1,1,Regular Customers
15349,158,2,463.91,0,463.91,1,2,2,Lost
15350,373,1,115.65,0,115.65,1,1,1,Lost
15351,12,7,1934.66,97.97,1836.69,4,4,4,Champions
15353,255,2,770.12,0,770.12,1,2,3,At Risk
15355,29,2,277.05,0,277.05,3,2,1,Regular Customers
15356,31,10,2718.03,0,2718.03,3,4,4,Champions
15358,5,22,8347.2,111.55,8235.65,4,4,4,Champions
15360,40,1,427.93,0,427.93,3,1,2,Regular Customers
15361,362,1,418.92,0,418.92,1,1,2,Lost
15363,373,1,326,7.95,318.05,1,1,2,Lost
15364,96,2,913.19,0,913.19,2,2,3,At Risk
15365,26,7,2314.32,983.87,1330.45,3,4,3,Champions
15366,75,2,602.51,0,602.51,2,2,2,Regular Customers
15367,57,4,1877.59,9.9,1867.69,2,3,4,At Risk
15368,21,1,446.94,0,446.94,3,1,2,Regular Customers
15370,41,7,2386.05,25.5,2360.55,3,4,4,Champions
15372,137,1,2007.4,0,2007.4,2,1,4,At Risk
15373,8,12,2415.91,202.8,2213.11,4,4,4,Champions
15374,129,1,168,0,168,2,1,1,Regular Customers
15376,40,3,1221.56,0,1221.56,3,3,3,Champions
15379,169,7,3703.29,71.4,3631.89,1,4,4,At Risk
15380,9,5,1690.26,7.9,1682.36,4,4,4,Champions
15381,214,2,596.85,0,596.85,1,2,2,Lost
15382,15,6,5955.71,27.85,5927.86,4,4,4,Champions
15384,170,2,642.41,6.65,635.76,1,2,2,Lost
15385,40,1,316.88,0,316.88,3,1,2,Regular Customers
15386,186,1,394.14,0,394.14,1,1,2,Lost
15388,270,1,140.54,0,140.54,1,1,1,Lost
15389,172,1,500,0,500,1,1,2,Lost
15392,5,4,1535.53,19.8,1515.73,4,3,3,Champions
15393,16,2,231.86,0,231.86,4,2,1,Regular Customers
15394,10,4,2183.54,0,2183.54,4,3,4,Champions
15395,326,1,107.45,0,107.45,1,1,1,Lost
15396,113,1,288.18,0,288.18,2,1,1,Regular Customers
15397,290,1,94,0,94,1,1,1,Lost
15398,16,2,1345.53,5.9,1339.63,4,2,3,Regular Customers
15399,1,3,815.77,0,815.77,4,3,3,Champions
15400,92,5,716.2,49.5,666.7,2,4,3,At Risk
15402,149,2,626.77,0,626.77,1,2,2,Lost
15405,189,1,349.1,0,349.1,1,1,2,Lost
15406,31,2,510.71,84.1,426.61,3,2,2,Regular Customers
15407,34,4,1046.74,0,1046.74,3,3,3,Champions
15408,264,1,267.18,0,267.18,1,1,1,Lost
15410,84,8,3450.84,0,3450.84,2,4,4,At Risk
15411,26,4,1348.93,12.5,1336.43,3,3,3,Champions
15412,171,1,190.53,0,190.53,1,1,1,Lost
15414,10,3,774.9,0,774.9,4,3,3,Champions
15415,313,1,559.61,0,559.61,1,1,2,Lost
15416,65,4,3984.32,9.95,3974.37,2,3,4,At Risk
15417,85,1,508.8,0,508.8,2,1,2,Regular Customers
15419,25,1,135.86,0,135.86,3,1,1,Regular Customers
15421,59,4,950.36,0,950.36,2,3,3,At Risk
15422,323,2,97.7,0,97.7,1,2,1,Lost
15423,38,1,43.5,0,43.5,3,1,1,Regular Customers
15424,254,2,383.34,0,383.34,1,2,2,Lost
15426,19,5,1404.07,17.49,1386.58,3,4,3,Champions
15427,33,3,1430.54,0,1430.54,3,3,3,Champions
15428,15,1,93.78,0,93.78,4,1,1,Regular Customers
15429,27,2,397.35,32.45,364.9,3,2,2,Regular Customers
15432,23,1,171.19,0,171.19,3,1,1,Regular Customers
15433,214,2,533.3,115.43,417.87,1,2,2,Lost
15434,8,5,1041.48,44,997.48,4,4,3,Champions
15435,22,1,149.29,0,149.29,3,1,1,Regular Customers
15436,12,3,1067.75,0,1067.75,4,3,3,Champions
15437,262,1,200.16,0,200.16,1,1,1,Lost
15438,131,1,156.58,0,156.58,2,1,1,Regular Customers
15440,55,3,383.68,0,383.68,2,3,2,At Risk
15442,249,1,594,0,594,1,1,2,Lost
15443,2,7,3213.59,24.75,3188.84,4,4,4,Champions
15444,9,2,1411.21,0,1411.21,4,2,3,Regular Customers
15445,264,1,113.5,0,113.5,1,1,1,Lost
15447,331,1,155.17,0,155.17,1,1,1,Lost
15448,313,1,494.64,0,494.64,1,1,2,Lost
15449,26,3,974.52,3.3,971.22,3,3,3,Champions
15450,30,1,429.84,0,429.84,3,1,2,Regular Customers
15452,30,3,528.48,0,528.48,3,3,2,Loyal Customers
15453,2,7,1371.77,0,1371.77,4,4,3,Champions
15454,362,1,179.1,0,179.1,1,1,1,Lost
15456,283,3,434.59,0,434.59,1,3,2,At Risk
15457,262,1,237.07,0,237.07,1,1,1,Lost
15458,25,1,161.64,0,161.64,3,1,1,Regular Customers
15460,354,1,214.26,0,214.26,1,1,1,Lost
15462,94,3,234.6,0,234.6,2,3,1,At Risk
15463,29,1,126.14,0,126.14,3,1,1,Regular Customers
15464,338,1,1044.65,0,1044.65,1,1,3,At Risk
15465,20,18,7354.62,409.6,6945.02,3,4,4,Champions
15466,85,1,334.53,0,334.53,2,1,2,Regular Customers
15467,9,3,524.88,13,511.88,4,3,2,Loyal Customers
15468,51,2,467.51,29.05,438.46,2,2,2,Regular Customers
15469,50,2,538.55,34.05,504.5,3,2,2,Regular Customers
15471,2,1,454.48,0,454.48,4,1,2,Regular Customers
15472,113,1,371.56,0,371.56,2,1,2,Regular Customers
15473,14,7,1771.2,306,1465.2,4,4,3,Champions
15475,77,1,454.11,0,454.11,2,1,2,Regular Customers
15478,40,2,1399.92,0,1399.92,3,2,3,Regular Customers
15480,116,1,905.5,0,905.5,2,1,3,At Risk
15482,16,12,10879.76,4486.24,6393.52,4,4,4,Champions
15483,161,4,225.26,0,225.26,1,3,1,At Risk
15484,1,4,3590.41,31.2,3559.21,4,3,4,Champions
15485,30,3,2564.5,0,2564.5,3,3,4,Champions
15488,93,1,91.32,0,91.32,2,1,1,Regular Customers
15489,23,3,1134.28,44.25,1090.03,3,3,3,Champions
15491,95,6,3100.09,9.24,3090.85,2,4,4,At Risk
15492,28,2,659.46,0,659.46,3,2,3,Regular Customers
15493,33,5,1953.41,34.55,1918.86,3,4,4,Champions
15494,21,2,1280.58,0,1280.58,3,2,3,Regular Customers
15497,18,2,1262.2,2.5,1259.7,3,2,3,Regular Customers
15498,3,27,13316.4,919.94,12396.46,4,4,4,Champions
15500,8,4,1131.56,0,1131.56,4,3,3,Champions
15502,16,12,10384.93,4843.47,5541.46,4,4,4,Champions
15503,363,1,141.04,0,141.04,1,1,1,Lost
15504,81,1,52.83,0,52.83,2,1,1,Regular Customers
15505,53,5,3610.96,113.82,3497.14,2,4,4,At Risk
15506,23,3,972.08,0,972.08,3,3,3,Champions
15507,172,1,475.86,0,475.86,1,1,2,Lost
15508,189,6,1000.27,0,1000.27,1,4,3,At Risk
15510,331,1,250,0,250,1,1,1,Lost
15511,12,5,900.53,0,900.53,4,4,3,Champions
15512,156,2,121,0,121,1,2,1,Lost
15513,33,19,14758.22,238.14,14520.08,3,4,4,Champions
15514,12,11,4023.72,1116.27,2907.45,4,4,4,Champions
15516,45,3,62.43,0,62.43,3,3,1,Loyal Customers
15517,233,1,267.03,0,267.03,1,1,1,Lost
15518,64,8,1921.55,30.56,1890.99,2,4,4,At Risk
15520,2,1,343.5,0,343.5,4,1,2,Regular Customers
15521,40,8,3000.2,425.55,2574.65,3,4,4,Champions
15522,33,2,397.99,0,397.99,3,2,2,Regular Customers
15523,84,1,412.01,0,412.01,2,1,2,Regular Customers
15524,25,1,440,0,440,3,1,2,Regular Customers
15525,2,3,734.37,14.9,719.47,4,3,3,Champions
15526,33,2,148.44,0,148.44,3,2,1,Regular Customers
15527,19,8,2428.53,80.96,2347.57,3,4,4,Champions
15528,254,1,229.33,0,229.33,1,1,1,Lost
15529,23,11,3962.6,27.45,3935.15,3,4,4,Champions
15530,22,4,1497.31,0,1497.31,3,3,3,Champions
15531,8,2,1972.39,0,1972.39,4,2,4,Regular Customers
15532,25,4,1564.73,63.85,1500.88,3,3,3,Champions
15533,19,3,807.57,60.65,746.92,3,3,3,Champions
15535,173,4,502.9,76.5,426.4,1,3,2,At Risk
15537,163,1,110.92,0,110.92,1,1,1,Lost
15539,7,1,538.46,0,538.46,4,1,2,Regular Customers
15540,11,1,213.3,0,213.3,4,1,1,Regular Customers
15541,114,1,85.13,0,85.13,2,1,1,Regular Customers
15543,288,1,127.86,0,127.86,1,1,1,Lost
15544,9,9,3546.71,4.2,3542.51,4,4,4,Champions
15545,54,2,288.97,0,288.97,2,2,1,Regular Customers
15547,7,14,4910.6,0,4910.6,4,4,4,Champions
15549,77,3,1681.46,37.5,1643.96,2,3,4,At Risk
15550,4,4,575.63,0,575.63,4,3,2,Loyal Customers
15551,37,1,436.06,0,436.06,3,1,2,Regular Customers
15552,217,1,90.12,0,90.12,1,1,1,Lost
15553,60,1,428.93,0,428.93,2,1,2,Regular Customers
15554,278,1,217.2,0,217.2,1,1,1,Lost
15555,12,16,4794.86,46.97,4747.89,4,4,4,Champions
15556,24,1,279.77,0,279.77,3,1,1,Regular Customers
15557,29,1,468.91,0,468.91,3,1,2,Regular Customers
15561,12,4,800.59,77.85,722.74,4,3,3,Champions
15562,352,1,134.55,0,134.55,1,1,1,Lost
15563,22,4,1400.44,80.75,1319.69,3,3,3,Champions
15565,50,2,173.16,0,173.16,3,2,1,Regular Customers
15567,19,1,186.01,0,186.01,3,1,1,Regular Customers
15568,3,3,758.29,0,758.29,4,3,3,Champions
15569,104,5,1375.71,0,1375.71,2,4,3,At Risk
15570,7,12,4148.82,55.55,4093.27,4,4,4,Champions
15571,12,4,650.43,0,650.43,4,3,3,Champions
15572,5,7,2533.42,0,2533.42,4,4,4,Champions
15573,32,2,591.19,0,591.19,3,2,2,Regular Customers
15574,178,4,675.64,0,675.64,1,3,3,At Risk
15576,38,1,921.37,0,921.37,3,1,3,Regular Customers
15577,151,3,258.88,0,258.88,1,3,1,At Risk
15578,162,1,127.1,0,127.1,1,1,1,Lost
15579,69,2,327.6,0,327.6,2,2,2,Regular Customers
15581,121,13,3675.77,250,3425.77,2,4,4,At Risk
15582,25,3,682.91,0,682.91,3,3,3,Champions
15584,24,4,720.86,2.5,718.36,3,3,3,Champions
15585,177,1,455.3,0,455.3,1,1,2,Lost
15587,50,4,913.68,0,913.68,3,3,3,Champions
15589,256,3,478.53,21.95,456.58,1,3,2,At Risk
15592,47,1,388.58,0,388.58,3,1,2,Regular Customers
15593,71,1,199.8,0,199.8,2,1,1,Regular Customers
15594,16,5,1771.78,4.25,1767.53,4,4,4,Champions
15596,101,5,1406.59,63.25,1343.34,2,4,3,At Risk
15597,35,1,324.57,8.85,315.72,3,1,2,Regular Customers
15598,53,1,240.68,5,235.68,2,1,1,Regular Customers
15599,27,2,761.74,0,761.74,3,2,3,Regular Customers
15601,11,14,6776.56,31.2,6745.36,4,4,4,Champions
15602,8,9,1297.87,214.24,1083.63,4,4,3,Champions
15603,79,1,48.48,0,48.48,2,1,1,Regular Customers
15604,52,1,216.39,0,216.39,2,1,1,Regular Customers
15605,36,5,1198.23,0,1198.23,3,4,3,Champions
15606,61,9,2920.16,497.52,2422.64,2,4,4,At Risk
15607,337,1,104.76,0,104.76,1,1,1,Lost
15608,28,4,1093.68,0,1093.68,3,3,3,Champions
15609,184,1,298.48,28.45,270.03,1,1,1,Lost
15610,52,1,112.46,0,112.46,2,1,1,Regular Customers
15611,10,13,1591.45,23.06,1568.39,4,4,3,Champions
15612,36,2,195.15,0,195.15,3,2,1,Regular Customers
15615,10,23,10399.74,39.7,10360.04,4,4,4,Champions
15618,33,4,776.851,29.82,747.031,3,3,3,Champions
15619,11,1,336.4,0,336.4,4,1,2,Regular Customers
15620,57,3,1553.18,28.78,1524.4,2,3,3,At Risk
15621,4,4,1293.03,134.26,1158.77,4,3,3,Champions
15622,43,9,3709.56,485.03,3224.53,3,4,4,Champions
15623,141,1,301.03,0,301.03,2,1,2,Regular Customers
15624,117,4,588.13,0,588.13,2,3,2,At Risk
15625,104,4,1534.26,29.7,1504.56,2,3,3,At Risk
15626,75,2,675.8,0,675.8,2,2,3,At Risk
15628,5,9,2870.24,4.6,2865.64,4,4,4,Champions
15630,45,2,1186.35,5.95,1180.4,3,2,3,Regular Customers
15632,16,8,3285.31,138,3147.31,4,4,4,Champions
15634,17,1,243.55,0,243.55,4,1,1,Regular Customers
15636,90,2,724.76,0,724.76,2,2,3,At Risk
15637,53,1,223.36,0,223.36,2,1,1,Regular Customers
15639,134,1,425.32,0,425.32,2,1,2,Regular Customers
15640,4,15,12416.11,79.37,12336.74,4,4,4,Champions
15641,105,4,1887.2,0,1887.2,2,3,4,At Risk
15643,192,3,664,16.6,647.4,1,3,2,At Risk
15644,166,4,803.54,0,803.54,1,3,3,At Risk
15645,19,1,612.01,0,612.01,3,1,2,Regular Customers
15646,158,3,447.64,22.5,425.14,1,3,2,At Risk
15648,204,2,639.5,57.45,582.05,1,2,2,Lost
15649,336,2,816,0,816,1,2,3,At Risk
15651,37,3,646.3,0,646.3,3,3,2,Loyal Customers
15652,91,1,337.74,0,337.74,2,1,2,Regular Customers
15653,93,2,877.44,0,877.44,2,2,3,At Risk
15654,9,2,922.53,0,922.53,4,2,3,Regular Customers
15655,243,1,560.67,49.35,511.32,1,1,2,Lost
15656,45,4,748.5,0,748.5,3,3,3,Champions
15657,23,1,30,0,30,3,1,1,Regular Customers
15658,190,5,1024.1,65.2,958.9,1,4,3,At Risk
15659,44,1,306.45,0,306.45,3,1,2,Regular Customers
15660,25,9,1600.86,48.85,1552.01,3,4,3,Champions
15661,317,2,309.8,0,309.8,1,2,2,Lost
15663,106,1,138.14,0,138.14,2,1,1,Regular Customers
15664,51,1,386.43,27.8,358.63,2,1,2,Regular Customers
15665,168,2,2222.21,0,2222.21,1,2,4,At Risk
15667,40,1,301.32,0,301.32,3,1,2,Regular Customers
15668,218,1,76.32,0,76.32,1,1,1,Lost
15669,40,4,684.34,6.65,677.69,3,3,3,Champions
15670,297,1,173.05,0,173.05,1,1,1,Lost
15671,19,7,2657.13,21.64,2635.49,3,4,4,Champions
15673,88,4,2726.23,0,2726.23,2,3,4,At Risk
15674,73,5,2446.6,702.58,1744.02,2,4,4,At Risk
15675,81,3,323.69,0,323.69,2,3,2,At Risk
15676,19,3,3435.76,111.67,3324.09,3,3,4,Champions
15677,49,1,657.23,0,657.23,3,1,3,Regular Customers
15678,53,1,352.7,0,352.7,2,1,2,Regular Customers
15679,24,4,781.28,0,781.28,3,3,3,Champions
15680,9,3,1333.68,0,1333.68,4,3,3,Champions
15681,25,5,1426.16,479.8,946.36,3,4,3,Champions
15683,117,1,193.75,0,193.75,2,1,1,Regular Customers
15687,9,9,2993.1,11.6,2981.5,4,4,4,Champions
15689,120,2,254.1,0,254.1,2,2,1,Regular Customers
15690,4,2,239.76,0,239.76,4,2,1,Regular Customers
15691,252,1,136.8,0,136.8,1,1,1,Lost
15692,28,1,191.04,0,191.04,3,1,1,Regular Customers
15694,1,14,6479.4,55.8,6423.6,4,4,4,Champions
15695,267,2,409.98,0,409.98,1,2,2,Lost
15696,33,8,2711.11,92,2619.11,3,4,4,Champions
15699,18,1,309.65,0,309.65,3,1,2,Regular Customers
15700,172,2,696.68,32.65,664.03,1,2,3,At Risk
15701,2,4,1529,0,1529,4,3,3,Champions
15703,265,1,211.5,0,211.5,1,1,1,Lost
15704,140,4,2293.62,0,2293.62,2,3,4,At Risk
15705,201,1,143.1,0,143.1,1,1,1,Lost
15706,64,4,1060.56,58.75,1001.81,2,3,3,At Risk
15707,35,4,916.98,0,916.98,3,3,3,Champions
15708,41,7,3235.25,34.52,3200.73,3,4,4,Champions
15709,284,1,133.25,0,133.25,1,1,1,Lost
15712,9,5,1072.36,0,1072.36,4,4,3,Champions
15713,143,2,356.7,9.95,346.75,1,2,2,Lost
15714,12,2,330.03,0,330.03,4,2,2,Regular Customers
15716,146,4,1101.11,0,1101.11,1,3,3,At Risk
15717,234,1,150.3,0,150.3,1,1,1,Lost
15719,33,13,5030.07,1.65,5028.42,3,4,4,Champions
15720,24,1,598.73,0,598.73,3,1,2,Regular Customers
15721,12,1,471.4,0,471.4,4,1,2,Regular Customers
15722,36,5,2211.21,41.35,2169.86,3,4,4,Champions
15723,365,1,190.7,0,190.7,1,1,1,Lost
15724,201,2,218.25,5.95,212.3,1,2,1,Lost
15725,15,1,415.25,0,415.25,4,1,2,Regular Customers
15727,17,7,5159.06,0,5159.06,4,4,4,Champions
15729,213,1,85,23,62,1,1,1,Lost
15730,66,3,1120.88,12.5,1108.38,2,3,3,At Risk
15732,212,2,294.12,0,294.12,1,2,1,Lost
15733,283,1,162.3,0,162.3,1,1,1,Lost
15734,115,2,1339.45,0,1339.45,2,2,3,At Risk
15737,15,8,1188.12,66.91,1121.21,4,4,3,Champions
15738,19,16,4812.42,23.65,4788.77,3,4,4,Champions
15739,66,1,449.12,0,449.12,2,1,2,Regular Customers
15740,49,1,154.88,0,154.88,3,1,1,Regular Customers
15743,16,4,775.96,0,775.96,4,3,3,Champions
15744,78,1,34.8,0,34.8,2,1,1,Regular Customers
15745,19,4,1094.59,23.35,1071.24,3,3,3,Champions
15746,134,1,196.88,13.92,182.96,2,1,1,Regular Customers
15747,13,3,946.64,0,946.64,4,3,3,Champions
15748,40,1,144.36,0,144.36,3,1,1,Regular Customers
15749,235,3,44534.3,22998.4,21535.9,1,3,4,At Risk
15750,3,8,2463.05,14.25,2448.8,4,4,4,Champions
15752,40,7,2626.6,8.45,2618.15,3,4,4,Champions
15753,305,1,79.2,0,79.2,1,1,1,Lost
15754,51,3,458.57,2.9,455.67,2,3,2,At Risk
15755,10,6,2364.25,45.37,2318.88,4,4,4,Champions
15756,61,4,528.01,0,528.01,2,3,2,At Risk
15757,66,2,714.42,0,714.42,2,2,3,At Risk
15758,25,1,205.25,0,205.25,3,1,1,Regular Customers
15759,218,3,253.04,0,253.04,1,3,1,At Risk
15762,65,2,583.75,0,583.75,2,2,2,Regular Customers
15763,32,2,1086.92,38.25,1048.67,3,2,3,Regular Customers
15764,88,6,3279.97,34.5,3245.47,2,4,4,At Risk
15766,64,1,315.06,0,315.06,2,1,2,Regular Customers
15768,116,3,621.83,40,581.83,2,3,2,At Risk
15769,7,26,56252.72,4429,51823.72,4,4,4,Champions
15773,6,1,635.68,0,635.68,4,1,2,Regular Customers
15774,69,1,270.8,0,270.8,2,1,1,Regular Customers
15775,245,1,104.9,0,104.9,1,1,1,Lost
15776,133,1,241.62,0,241.62,2,1,1,Regular Customers
15777,241,4,1047.11,25.5,1021.61,1,3,3,At Risk
15780,184,3,475.28,0,475.28,1,3,2,At Risk
15781,25,3,345.46,11.9,333.56,3,3,2,Loyal Customers
15782,10,3,2614.74,20.8,2593.94,4,3,4,Champions
15783,11,1,246.3,0,246.3,4,1,1,Regular Customers
15785,33,5,2328.97,25.22,2303.75,3,4,4,Champions
15786,46,3,4919,98,4821,3,3,4,Champions
15787,26,3,933.26,0,933.26,3,3,3,Champions
15789,358,1,351.3,0,351.3,1,1,2,Lost
15790,10,1,218.75,0,218.75,4,1,1,Regular Customers
15791,44,2,1612.69,8.25,1604.44,3,2,3,Regular Customers
15793,15,3,965.61,16.65,948.96,4,3,3,Champions
15795,150,1,610.01,0,610.01,1,1,2,Lost
15796,1,8,2708.61,44.95,2663.66,4,4,4,Champions
15797,113,4,2207.4,0,2207.4,2,3,4,At Risk
15799,76,3,884.14,0,884.14,2,3,3,At Risk
15800,107,2,696.89,0,696.89,2,2,3,At Risk
15801,46,3,1063.95,21.76,1042.19,3,3,3,Champions
15802,143,1,451.42,902.84,-451.42,1,1,1,Lost
15803,51,1,415.82,0,415.82,2,1,2,Regular Customers
15804,1,13,4206.39,357.84,3848.55,4,4,4,Champions
15805,23,17,5488.18,76.31,5411.87,3,4,4,Champions
15806,46,3,784.58,0,784.58,3,3,3,Champions
15807,50,3,903.9,0,903.9,3,3,3,Champions
15808,306,4,3651.27,10.2,3641.07,1,3,4,At Risk
15809,36,5,515.77,116.56,399.21,3,4,2,Loyal Customers
15810,79,4,1391.98,246.55,1145.43,2,3,3,At Risk
15811,22,6,2218.62,47.3,2171.32,3,4,4,Champions
15812,107,5,1801.14,0,1801.14,2,4,4,At Risk
15813,208,2,1303.91,0,1303.91,1,2,3,At Risk
15814,17,4,1945.33,102.6,1842.73,4,3,4,Champions
15815,64,5,2100.6,0,2100.6,2,4,4,At Risk
15819,49,4,1905.45,0,1905.45,3,3,4,Champions
15820,320,1,206.98,0,206.98,1,1,1,Lost
15821,44,2,570.96,0,570.96,3,2,2,Regular Customers
15822,3,2,885.47,0,885.47,4,2,3,Regular Customers
15823,372,1,15,855.76,-840.76,1,1,1,Lost
15825,172,1,532.94,0,532.94,1,1,2,Lost
15826,56,3,1654.31,4.95,1649.36,2,3,4,At Risk
15827,73,14,1836.09,194.61,1641.48,2,4,4,At Risk
15829,99,2,636.14,0,636.14,2,2,2,Regular Customers
15830,38,1,576,28.3,547.7,3,1,2,Regular Customers
15831,58,3,794.64,54,740.64,2,3,3,At Risk
15832,254,1,836.79,0,836.79,1,1,3,At Risk
15834,70,4,2225.15,148.85,2076.3,2,3,4,At Risk
15835,44,4,954.09,0,954.09,3,3,3,Champions
15836,50,1,137.37,19.9,117.47,3,1,1,Regular Customers
15837,65,1,391.98,0,391.98,2,1,2,Regular Customers
15838,11,19,33643.08,292.32,33350.76,4,4,4,Champions
15839,33,3,1048.49,27.75,1020.74,3,3,3,Champions
15840,59,2,355.56,9.9,345.66,2,2,2,Regular Customers
15841,73,4,1224.06,14.96,1209.1,2,3,3,At Risk
15843,304,1,118.95,0,118.95,1,1,1,Lost
15844,46,1,130.74,0,130.74,3,1,1,Regular Customers
15845,18,8,3711.77,60.9,3650.87,3,4,4,Champions
15847,38,2,389.27,0,389.27,3,2,2,Regular Customers
15850,19,2,234.88,0,234.88,3,2,1,Regular Customers
15852,187,2,160.71,0,160.71,1,2,1,Lost
15853,52,1,110.8,0,110.8,2,1,1,Regular Customers
15854,4,12,2969.12,0,2969.12,4,4,4,Champions
15855,137,5,712.24,0,712.24,2,4,3,At Risk
15856,4,27,16143.64,213.9,15929.74,4,4,4,Champions
15857,19,1,297,0,297,3,1,1,Regular Customers
15858,16,5,1427.57,0,1427.57,4,4,3,Champions
15860,41,8,965.16,0,965.16,3,4,3,Champions
15861,12,8,3146.92,165,2981.92,4,4,4,Champions
15862,8,4,832.88,0,832.88,4,3,3,Champions
15863,26,2,68.84,0,68.84,3,2,1,Regular Customers
15864,22,6,1936.32,166.54,1769.78,3,4,4,Champions
15865,41,3,895.13,0,895.13,3,3,3,Champions
15866,101,1,211.89,0,211.89,2,1,1,Regular Customers
15867,5,15,3810.14,14.85,3795.29,4,4,4,Champions
15869,277,2,149.64,0,149.64,1,2,1,Lost
15870,33,1,351.44,0,351.44,3,1,2,Regular Customers
15872,15,2,316.25,0,316.25,4,2,2,Regular Customers
15874,64,7,4405.88,75.21,4330.67,2,4,4,At Risk
15877,2,2,490.33,52.5,437.83,4,2,2,Regular Customers
15880,369,1,329.03,30,299.03,1,1,2,Lost
15881,312,5,501.39,63.15,438.24,1,4,2,At Risk
15882,199,4,516.36,21,495.36,1,3,2,At Risk
15883,2,2,396.48,0,396.48,4,2,2,Regular Customers
15885,93,3,379.35,0,379.35,2,3,2,At Risk
15886,60,1,181.09,0,181.09,2,1,1,Regular Customers
15888,81,1,168.31,27.04,141.27,2,1,1,Regular Customers
15889,157,2,420.07,0,420.07,1,2,2,Lost
15891,227,1,511.68,0,511.68,1,1,2,Lost
15894,253,2,258.25,0,258.25,1,2,1,Lost
15895,150,1,179.17,0,179.17,1,1,1,Lost
15897,194,2,208.59,0,208.59,1,2,1,Lost
15898,1,5,1383.83,4.2,1379.63,4,4,3,Champions
15899,369,1,56.25,0,56.25,1,1,1,Lost
15900,24,1,337.28,0,337.28,3,1,2,Regular Customers
15901,17,3,351.73,0,351.73,4,3,2,Loyal Customers
15903,10,7,5126.76,0.42,5126.34,4,4,4,Champions
15904,8,1,164.68,0,164.68,4,1,1,Regular Customers
15906,20,7,1567.69,45.9,1521.79,3,4,3,Champions
15907,4,3,882.72,0,882.72,4,3,3,Champions
15909,174,1,191.94,0,191.94,1,1,1,Lost
15910,1,8,1228.88,0,1228.88,4,4,3,Champions
15912,178,2,264.62,0,264.62,1,2,1,Lost
15916,16,8,1502.86,36.85,1466.01,4,4,3,Champions
15917,248,1,123.1,0,123.1,1,1,1,Lost
15918,191,2,334.23,0,334.23,1,2,2,Lost
15919,20,2,525.69,0,525.69,3,2,2,Regular Customers
15920,154,4,167.5,0,167.5,1,3,1,At Risk
15921,173,1,323.03,0,323.03,1,1,2,Lost
15922,373,1,369.5,5.9,363.6,1,1,2,Lost
15923,373,1,127.08,0,127.08,1,1,1,Lost
15925,194,1,207.15,0,207.15,1,1,1,Lost
15930,67,1,426.63,0,426.63,2,1,2,Regular Customers
15932,4,8,2495.87,34.02,2461.85,4,4,4,Champions
15933,21,3,1107.46,0,1107.46,3,3,3,Champions
15935,239,2,416.86,0,416.86,1,2,2,Lost
15937,64,1,145.35,0,145.35,2,1,1,Regular Customers
15938,112,5,404.58,0,404.58,2,4,2,At Risk
15939,90,15,6115.01,12.75,6102.26,2,4,4,At Risk
15940,311,1,35.8,4,31.8,1,1,1,Lost
15942,134,1,337.44,0,337.44,2,1,2,Regular Customers
15944,277,1,325.1,0,325.1,1,1,2,Lost
15945,365,1,181,0,181,1,1,1,Lost
15947,83,1,1708.24,0,1708.24,2,1,4,At Risk
15948,8,2,955.24,0,955.24,4,2,3,Regular Customers
15949,17,2,364.72,0,364.72,4,2,2,Regular Customers
15950,32,4,1744.71,60.25,1684.46,3,3,4,Champions
15951,9,2,708.22,38.65,669.57,4,2,3,Regular Customers
15952,34,4,781.91,0,781.91,3,3,3,Champions
15953,15,8,1657.28,24.85,1632.43,4,4,4,Champions
15955,24,14,4416.26,26.45,4389.81,3,4,4,Champions
15957,32,1,428.89,0,428.89,3,1,2,Regular Customers
15958,74,1,104.35,0,104.35,2,1,1,Regular Customers
15963,20,2,470.76,0,470.76,3,2,2,Regular Customers
15965,17,4,808.87,0,808.87,4,3,3,Champions
15967,23,2,397.68,0,397.68,3,2,2,Regular Customers
15969,3,3,666.1,83.2,582.9,4,3,2,Loyal Customers
15970,304,1,314.1,0,314.1,1,1,2,Lost
15971,18,12,4199.85,0,4199.85,3,4,4,Champions
15973,367,1,307.82,208.05,99.77,1,1,1,Lost
15974,39,7,3442.15,12.6,3429.55,3,4,4,Champions
15975,84,1,371.01,0,371.01,2,1,2,Regular Customers
15976,165,2,427.64,0,427.64,1,2,2,Lost
15977,17,2,1054.73,0,1054.73,4,2,3,Regular Customers
15978,77,1,1098.78,0,1098.78,2,1,3,At Risk
15980,89,3,2398.86,0,2398.86,2,3,4,At Risk
15981,25,8,3408.48,0,3408.48,3,4,4,Champions
15983,22,4,1465.12,0,1465.12,3,3,3,Champions
15984,3,10,2780.63,20.7,2759.93,4,4,4,Champions
15985,123,2,1142.42,105,1037.42,2,2,3,At Risk
15986,30,1,168.12,0,168.12,3,1,1,Regular Customers
15987,12,7,1432.77,0,1432.77,4,4,3,Champions
15988,19,1,156.78,0,156.78,3,1,1,Regular Customers
15990,44,2,792.11,0,792.11,3,2,3,Regular Customers
15992,4,1,41.99,0,41.99,4,1,1,Regular Customers
15993,9,7,2777.67,40.75,2736.92,4,4,4,Champions
15994,55,1,414.27,0,414.27,2,1,2,Regular Customers
15996,88,6,1032.58,15.9,1016.68,2,4,3,At Risk
15998,37,5,3080.22,5.8,3074.42,3,4,4,Champions
16000,3,3,12393.7,0,12393.7,4,3,4,Champions
16003,30,5,2735.37,0,2735.37,3,4,4,Champions
16005,12,4,578.71,0,578.71,4,3,2,Loyal Customers
16006,211,1,101.4,0,101.4,1,1,1,Lost
16007,48,4,1693.81,0,1693.81,3,3,4,Champions
16008,24,3,478.78,0,478.78,3,3,2,Loyal Customers
16009,22,4,972.11,0,972.11,3,3,3,Champions
16010,246,3,392.4,0,392.4,1,3,2,At Risk
16011,8,16,3352.96,0,3352.96,4,4,4,Champions
16012,35,3,1415.29,0,1415.29,3,3,3,Champions
16013,4,47,37130.6,3764.35,33366.25,4,4,4,Champions
16014,38,3,646.83,9.25,637.58,3,3,2,Loyal Customers
16015,4,3,704.55,14.85,689.7,4,3,3,Champions
16016,3,8,1465.51,25.45,1440.06,4,4,3,Champions
16017,47,1,211.88,0,211.88,3,1,1,Regular Customers
16018,39,2,408.9,0,408.9,3,2,2,Regular Customers
16019,47,9,3786.24,336,3450.24,3,4,4,Champions
16020,17,3,851.01,0,851.01,4,3,3,Champions
16022,260,1,602.63,0,602.63,1,1,2,Lost
16023,46,3,719.81,0,719.81,3,3,3,Champions
16024,12,1,251.03,0,251.03,4,1,1,Regular Customers
16025,30,1,439.66,0,439.66,3,1,2,Regular Customers
16026,43,1,236.09,0,236.09,3,1,1,Regular Customers
16027,92,6,934.62,82.5,852.12,2,4,3,At Risk
16029,39,63,80850.84,27682.15,53168.69,3,4,4,Champions
16030,310,1,331.24,0,331.24,1,1,2,Lost
16031,92,2,547.9,0,547.9,2,2,2,Regular Customers
16033,6,20,8778.82,88.79,8690.03,4,4,4,Champions
16034,196,3,437.7,0,437.7,1,3,2,At Risk
16036,87,2,758.92,0,758.92,2,2,3,At Risk
16037,270,3,855.02,0,855.02,1,3,3,At Risk
16038,8,3,471.78,17.45,454.33,4,3,2,Loyal Customers
16040,65,3,1313.55,0,1313.55,2,3,3,At Risk
16041,31,3,3166.4,0,3166.4,3,3,4,Champions
16042,22,5,1177.47,49.9,1127.57,3,4,3,Champions
16043,38,4,773.99,0,773.99,3,3,3,Champions
16045,120,4,1340.7,0,1340.7,2,3,3,At Risk
16048,373,2,256.44,12.75,243.69,1,2,1,Lost
16049,40,3,1074.81,0,1074.81,3,3,3,Champions
16050,174,1,137.9,0,137.9,1,1,1,Lost
16052,54,1,362.06,0,362.06,2,1,2,Regular Customers
16053,33,2,1511.95,0,1511.95,3,2,3,Regular Customers
16054,145,1,783.9,0,783.9,1,1,3,At Risk
16055,221,1,134.8,0,134.8,1,1,1,Lost
16056,45,1,650.75,0,650.75,3,1,3,Regular Customers
16057,16,7,2263.12,122.9,2140.22,4,4,4,Champions
16059,66,6,1453.16,0,1453.16,2,4,3,At Risk
16062,10,4,1153.62,0,1153.62,4,3,3,Champions
16063,260,1,335.32,0,335.32,1,1,2,Lost
16065,365,1,367.14,0,367.14,1,1,2,Lost
16066,17,5,1521.04,0,1521.04,4,4,3,Champions
16070,22,2,852.15,0,852.15,3,2,3,Regular Customers
16071,45,1,326.24,0,326.24,3,1,2,Regular Customers
16072,288,1,584.32,0,584.32,1,1,2,Lost
16073,297,1,122.4,28.05,94.35,1,1,1,Lost
16076,3,10,2234.73,61.2,2173.53,4,4,4,Champions
16078,284,1,79.2,0,79.2,1,1,1,Lost
16079,17,3,1352,0,1352,4,3,3,Champions
16080,82,2,217.16,40.56,176.6,2,2,1,Regular Customers
16081,56,5,2799.42,0,2799.42,2,4,4,At Risk
16083,101,2,1317.62,0,1317.62,2,2,3,At Risk
16084,299,1,436.18,0,436.18,1,1,2,Lost
16085,23,5,981.51,0,981.51,3,4,3,Champions
16086,59,5,1121.39,2.08,1119.31,2,4,3,At Risk
16091,155,2,315.06,0,315.06,1,2,2,Lost
16092,115,3,817.86,38.5,779.36,2,3,3,At Risk
16093,107,1,17,0,17,2,1,1,Regular Customers
16094,12,4,1078.23,36.4,1041.83,4,3,3,Champions
16096,264,1,320.62,0,320.62,1,1,2,Lost
16097,240,1,185.05,0,185.05,1,1,1,Lost
16098,88,7,2005.63,0,2005.63,2,4,4,At Risk
16099,50,3,731.9,0,731.9,3,3,3,Champions
16101,71,1,1290.7,44.74,1245.96,2,1,3,At Risk
16102,42,3,1842.14,0,1842.14,3,3,4,Champions
16103,7,6,1429.64,0,1429.64,4,4,3,Champions
16104,62,1,298.21,0,298.21,2,1,2,Regular Customers
16105,249,1,336.96,0,336.96,1,1,2,Lost
16106,66,1,108.38,0,108.38,2,1,1,Regular Customers
16107,18,7,3204.16,0,3204.16,3,4,4,Champions
16108,85,1,842.5,26.4,816.1,2,1,3,At Risk
16109,219,2,611.88,0,611.88,1,2,2,Lost
16110,45,3,1320.95,0,1320.95,3,3,3,Champions
16112,143,4,195.74,0,195.74,1,3,1,At Risk
16113,183,1,161.38,0,161.38,1,1,1,Lost
16114,171,1,135.75,0,135.75,1,1,1,Lost
16115,10,8,1660.88,0,1660.88,4,4,4,Champions
16116,212,1,612.78,19.9,592.88,1,1,2,Lost
16117,190,1,232.21,0,232.21,1,1,1,Lost
16119,8,2,423.36,0,423.36,4,2,2,Regular Customers
16120,59,4,1309.14,15,1294.14,2,3,3,At Risk
16121,57,2,854.66,0,854.66,2,2,3,At Risk
16122,73,4,684.42,0,684.42,2,3,3,At Risk
16123,52,1,307.78,0,307.78,2,1,2,Regular Customers
16124,317,1,249,61.85,187.15,1,1,1,Lost
16125,367,1,289.35,0,289.35,1,1,1,Lost
16126,29,4,6287.77,0,6287.77,3,3,4,Champions
16127,39,1,656.25,0,656.25,3,1,3,Regular Customers
16128,18,5,1880.22,0,1880.22,3,4,4,Champions
16131,52,6,3506.54,0,3506.54,2,4,4,At Risk
16133,4,33,14589.04,283.38,14305.66,4,4,4,Champions
16134,22,2,618.09,14.4,603.69,3,2,2,Regular Customers
16135,263,1,517.55,0,517.55,1,1,2,Lost
16136,60,3,709.38,0,709.38,2,3,3,At Risk
16139,19,3,635.41,0,635.41,3,3,2,Loyal Customers
16140,66,2,725.18,21.41,703.77,2,2,3,At Risk
16141,88,1,620.4,0,620.4,2,1,2,Regular Customers
16142,250,1,535.34,0,535.34,1,1,2,Lost
16143,3,6,2424.94,5.1,2419.84,4,4,4,Champions
16144,247,1,175.2,0,175.2,1,1,1,Lost
16145,9,11,3799.49,57.51,3741.98,4,4,4,Champions
16146,157,3,734.13,0,734.13,1,3,3,At Risk
16147,134,1,375,0,375,2,1,2,Regular Customers
16148,296,1,76.32,0,76.32,1,1,1,Lost
16149,5,2,280.52,0,280.52,4,2,1,Regular Customers
16150,43,5,2053.02,146.95,1906.07,3,4,4,Champions
16152,269,1,1829.04,0,1829.04,1,1,4,At Risk
16153,50,5,1824.23,0,1824.23,3,4,4,Champions
16156,9,9,3092.04,97.42,2994.62,4,4,4,Champions
16157,16,3,656.69,12.45,644.24,4,3,2,Loyal Customers
16159,282,1,348.2,0,348.2,1,1,2,Lost
16160,65,2,1025.44,15.99,1009.45,2,2,3,At Risk
16161,2,19,5533.67,222.59,5311.08,4,4,4,Champions
16162,252,1,37.4,0,37.4,1,1,1,Lost
16163,232,2,856.6,415,441.6,1,2,2,Lost
16164,17,3,822.48,19.95,802.53,4,3,3,Champions
16168,11,27,3787.6,17,3770.6,4,4,4,Champions
16169,8,4,1822.97,0,1822.97,4,3,4,Champions
16170,51,6,1885.05,4.63,1880.42,2,4,4,At Risk
16171,59,1,73.2,0,73.2,2,1,1,Regular Customers
16172,95,5,1140.21,0,1140.21,2,4,3,At Risk
16173,16,6,1418.32,11.75,1406.57,4,4,3,Champions
16174,126,3,1009.55,0,1009.55,2,3,3,At Risk
16175,94,4,1037.59,0,1037.59,2,3,3,At Risk
16177,50,1,331.95,0,331.95,3,1,2,Regular Customers
16178,138,1,197.9,0,197.9,2,1,1,Regular Customers
16179,61,1,215.83,0,215.83,2,1,1,Regular Customers
16180,100,8,10254.18,36.7,10217.48,2,4,4,At Risk
16181,73,1,305.54,0,305.54,2,1,2,Regular Customers
16182,72,4,6617.65,0,6617.65,2,3,4,At Risk
16183,67,1,338.71,0,338.71,2,1,2,Regular Customers
16184,64,6,1158.79,3.25,1155.54,2,4,3,At Risk
16185,17,2,529.41,0,529.41,4,2,2,Regular Customers
16186,23,12,4006.94,15,3991.94,3,4,4,Champions
16187,32,15,6911.44,70.2,6841.24,3,4,4,Champions
16188,45,4,981.86,0,981.86,3,3,3,Champions
16189,16,2,215.48,0,215.48,4,2,1,Regular Customers
16190,40,1,215.08,0,215.08,3,1,1,Regular Customers
16191,3,13,5180.52,267.2,4913.32,4,4,4,Champions
16193,237,1,314.45,0,314.45,1,1,2,Lost
16198,75,1,400.681,0,400.681,2,1,2,Regular Customers
16200,4,2,1068.87,0,1068.87,4,2,3,Regular Customers
16201,3,4,1863.47,41.95,1821.52,4,3,4,Champions
16202,361,1,365.27,0,365.27,1,1,2,Lost
16203,59,4,592.9,3.75,589.15,2,3,2,At Risk
16204,23,1,384.18,0,384.18,3,1,2,Regular Customers
16205,31,4,757.63,0,757.63,3,3,3,Champions
16206,55,4,537.06,0,537.06,2,3,2,At Risk
16207,25,1,394.38,0,394.38,3,1,2,Regular Customers
16208,45,2,664.26,0,664.26,3,2,3,Regular Customers
16209,89,5,2262.62,0,2262.62,2,4,4,At Risk
16210,2,18,21086.3,0,21086.3,4,4,4,Champions
16211,89,1,547.02,4.25,542.77,2,1,2,Regular Customers
16212,19,2,690.34,9.15,681.19,3,2,3,Regular Customers
16213,79,1,159,0,159,2,1,1,Regular Customers
16214,171,3,1062.75,0,1062.75,1,3,3,At Risk
16215,81,1,242.35,0,242.35,2,1,1,Regular Customers
16216,267,1,914.93,0,914.93,1,1,3,At Risk
16217,235,2,304.25,44.86,259.39,1,2,1,Lost
16218,30,7,3084.68,29.81,3054.87,3,4,4,Champions
16221,37,3,860.86,0,860.86,3,3,3,Champions
16222,318,1,773.55,0,773.55,1,1,3,At Risk
16224,57,4,1295.3,0,1295.3,2,3,3,At Risk
16225,45,5,1096.32,0,1096.32,3,4,3,Champions
16226,203,3,255.12,0,255.12,1,3,1,At Risk
16227,225,1,314.22,5.9,308.32,1,1,2,Lost
16229,87,2,1010.6,0,1010.6,2,2,3,At Risk
16230,190,2,542.03,0,542.03,1,2,2,Lost
16232,44,4,990.88,7.65,983.23,3,3,3,Champions
16233,71,3,536.68,114.55,422.13,2,3,2,At Risk
16235,41,5,867.31,8.9,858.41,3,4,3,Champions
16236,78,1,432.2,0,432.2,2,1,2,Regular Customers
16239,57,2,414.2,41.3,372.9,2,2,2,Regular Customers
16240,24,2,3718.8,24.99,3693.81,3,2,4,Regular Customers
16241,10,13,2590.31,0,2590.31,4,4,4,Champions
16242,8,7,3579.86,4.95,3574.91,4,4,4,Champions
16243,34,2,409.1,0,409.1,3,2,2,Regular Customers
16244,212,2,1522.75,0,1522.75,1,2,3,At Risk
16245,24,3,1413.66,61.3,1352.36,3,3,3,Champions
16247,170,1,114.56,0,114.56,1,1,1,Lost
16248,62,1,152.94,0,152.94,2,1,1,Regular Customers
16249,53,5,1800.07,0,1800.07,2,4,4,At Risk
16250,261,2,389.44,0,389.44,1,2,2,Lost
16253,67,2,3683.86,18.24,3665.62,2,2,4,At Risk
16255,17,8,2619.91,10.61,2609.3,4,4,4,Champions
16256,267,1,752.43,19.8,732.63,1,1,3,At Risk
16257,177,1,46.95,0,46.95,1,1,1,Lost
16258,45,5,5203.51,0,5203.51,3,4,4,Champions
16260,51,1,1035.45,0,1035.45,2,1,3,At Risk
16261,17,4,728.54,0,728.54,4,3,3,Champions
16265,9,9,5447,23.85,5423.15,4,4,4,Champions
16266,74,7,861.89,0,861.89,2,4,3,At Risk
16268,71,2,667.65,0,667.65,2,2,3,At Risk
16270,353,1,1141.24,0,1141.24,1,1,3,At Risk
16271,3,5,1404.64,5.95,1398.69,4,4,3,Champions
16272,117,1,411.7,0,411.7,2,1,2,Regular Customers
16274,373,1,351.75,0,351.75,1,1,2,Lost
16275,197,1,559.87,0,559.87,1,1,2,Lost
16276,177,1,810.6,0,810.6,1,1,3,At Risk
16278,100,1,566.38,28.55,537.83,2,1,2,Regular Customers
16279,21,3,1502.78,12.9,1489.88,3,3,3,Champions
16281,72,1,2062.06,0,2062.06,2,1,4,At Risk
16282,340,1,168.3,0,168.3,1,1,1,Lost
16283,6,5,1570.81,39.3,1531.51,4,4,3,Champions
16284,31,2,812.68,0,812.68,3,2,3,Regular Customers
16287,170,1,142.5,0,142.5,1,1,1,Lost
16292,122,1,302.25,21.35,280.9,2,1,1,Regular Customers
16293,22,10,2248.99,12.25,2236.74,3,4,4,Champions
16295,10,4,1328.55,0,1328.55,4,3,3,Champions
16297,269,1,301.9,26.5,275.4,1,1,1,Lost
16298,23,3,598.2,0,598.2,3,3,2,Loyal Customers
16302,127,1,233.22,20.4,212.82,2,1,1,Regular Customers
16303,26,3,5360.63,54.8,5305.83,3,3,4,Champions
16305,139,1,361.22,0,361.22,2,1,2,Regular Customers
16306,214,6,632.27,30,602.27,1,4,2,At Risk
16308,38,4,2560,0,2560,3,3,4,Champions
16309,106,2,706.57,19.9,686.67,2,2,3,At Risk
16311,18,2,616.26,0,616.26,3,2,2,Regular Customers
16313,3,2,274.15,0,274.15,4,2,1,Regular Customers
16315,331,1,226.37,0,226.37,1,1,1,Lost
16316,64,8,2938.91,183.35,2755.56,2,4,4,At Risk
16317,120,3,1341.65,0,1341.65,2,3,3,At Risk
16318,35,1,328.15,0,328.15,3,1,2,Regular Customers
16319,218,1,404.4,0,404.4,1,1,2,Lost
16320,172,2,1038.46,0,1038.46,1,2,3,At Risk
16321,72,5,373.65,142.95,230.7,2,4,1,At Risk
16322,1,2,326.75,0,326.75,4,2,2,Regular Customers
16323,196,1,207.5,0,207.5,1,1,1,Lost
16324,128,3,408.59,0,408.59,2,3,2,At Risk
16325,47,3,594.24,83.7,510.54,3,3,2,Loyal Customers
16326,6,14,3039.22,25,3014.22,4,4,4,Champions
16327,14,6,3820.27,0,3820.27,4,4,4,Champions
16330,18,3,251.91,9.7,242.21,3,3,1,Loyal Customers
16332,28,7,1582.8,10,1572.8,3,4,3,Champions
16333,8,22,26626.8,0,26626.8,4,4,4,Champions
16337,37,1,151.05,0,151.05,3,1,1,Regular Customers
16338,157,1,214.8,0,214.8,1,1,1,Lost
16339,284,1,94.05,0,94.05,1,1,1,Lost
16340,107,1,534.31,0,534.31,2,1,2,Regular Customers
16341,25,4,1971.87,12.49,1959.38,3,3,4,Champions
16342,75,4,322.41,0,322.41,2,3,2,At Risk
16343,16,2,328.58,0,328.58,4,2,2,Regular Customers
16344,158,1,101.1,0,101.1,1,1,1,Lost
16345,44,1,565.46,0,565.46,3,1,2,Regular Customers
16347,11,2,847.45,0,847.45,4,2,3,Regular Customers
16348,32,7,1415.65,0,1415.65,3,4,3,Champions
16349,291,1,53.5,0,53.5,1,1,1,Lost
16350,21,4,1116.47,16,1100.47,3,3,3,Champions
16351,333,1,153.9,0,153.9,1,1,1,Lost
16352,18,2,494.44,0,494.44,3,2,2,Regular Customers
16353,4,23,6675.71,0,6675.71,4,4,4,Champions
16354,63,2,395.8,0,395.8,2,2,2,Regular Customers
16356,198,3,211.77,1.45,210.32,1,3,1,At Risk
16357,33,3,658.88,0,658.88,3,3,3,Champions
16358,1,4,2027.5,2.55,2024.95,4,3,4,Champions
16359,7,9,1750.92,290.55,1460.37,4,4,3,Champions
16360,5,6,3450.41,100.84,3349.57,4,4,4,Champions
16361,10,4,891.21,0,891.21,4,3,3,Champions
16362,32,5,709.99,82.7,627.29,3,4,2,Loyal Customers
16363,53,1,109.36,0,109.36,2,1,1,Regular Customers
16364,12,2,705.79,0,705.79,4,2,3,Regular Customers
16365,18,9,1540.42,0,1540.42,3,4,3,Champions
16366,19,1,327.3,0,327.3,3,1,2,Regular Customers
16367,37,2,800.67,0,800.67,3,2,3,Regular Customers
16368,2,2,479.91,0,479.91,4,2,2,Regular Customers
16369,18,3,1545.41,0,1545.41,3,3,3,Champions
16370,82,4,1301.91,0,1301.91,2,3,3,At Risk
16372,33,2,355.73,0,355.73,3,2,2,Regular Customers
16374,66,2,466.73,0,466.73,2,2,2,Regular Customers
16376,9,2,974.96,9.49,965.47,4,2,3,Regular Customers
16377,267,1,676.2,0,676.2,1,1,3,At Risk
16378,247,3,362.95,0,362.95,1,3,2,At Risk
16379,4,4,2157.4,25.5,2131.9,4,3,4,Champions
16380,61,1,1743.15,0,1743.15,2,1,4,At Risk
16383,75,2,643.76,0,643.76,2,2,2,Regular Customers
16384,90,2,584.5,0,584.5,2,2,2,Regular Customers
16385,60,3,554.86,0,554.86,2,3,2,At Risk
16386,29,2,302.57,0,302.57,3,2,2,Regular Customers
16387,323,1,94.36,0,94.36,1,1,1,Lost
16389,53,4,1382.07,19.8,1362.27,2,3,3,At Risk
16392,270,1,217.89,0,217.89,1,1,1,Lost
16393,2,13,3040.96,105.16,2935.8,4,4,4,Champions
16394,57,5,1555.34,143.28,1412.06,2,4,3,At Risk
16395,61,5,1482.06,0,1482.06,2,4,3,At Risk
16398,154,2,1705.8,74.65,1631.15,1,2,4,At Risk
16399,19,2,408.02,0,408.02,3,2,2,Regular Customers
16400,95,1,303.93,0,303.93,2,1,2,Regular Customers
16401,1,12,4098.32,37.08,4061.24,4,4,4,Champions
16402,265,2,293.45,0,293.45,1,2,1,Lost
16403,312,1,177.5,16.45,161.05,1,1,1,Lost
16404,70,1,443.05,0,443.05,2,1,2,Regular Customers
16405,302,2,167.25,0,167.25,1,2,1,Lost
16406,19,1,154.35,0,154.35,3,1,1,Regular Customers
16407,13,10,2079.68,0,2079.68,4,4,4,Champions
16409,36,5,2022.98,0,2022.98,3,4,4,Champions
16411,19,2,211.7,0,211.7,3,2,1,Regular Customers
16412,54,1,135.99,0,135.99,2,1,1,Regular Customers
16413,57,1,262.2,0,262.2,2,1,1,Regular Customers
16414,22,2,126.25,0,126.25,3,2,1,Regular Customers
16415,44,1,200.27,0,200.27,3,1,1,Regular Customers
16416,27,3,1051.4,24.41,1026.99,3,3,3,Champions
16418,45,3,631.12,0,631.12,3,3,2,Loyal Customers
16419,113,6,958.71,12.75,945.96,2,4,3,At Risk
16422,17,51,34684.4,878.71,33805.69,4,4,4,Champions
16423,25,1,346.12,0,346.12,3,1,2,Regular Customers
16424,191,1,133.56,51,82.56,1,1,1,Lost
16425,302,1,302.7,0,302.7,1,1,2,Lost
16426,2,10,1863.76,0,1863.76,4,4,4,Champions
16427,263,2,241.06,0,241.06,1,2,1,Lost
16429,106,1,284.55,0,284.55,2,1,1,Regular Customers
16430,57,1,300.85,0,300.85,2,1,2,Regular Customers
16431,213,3,623.28,0,623.28,1,3,2,At Risk
16432,64,1,287.4,0,287.4,2,1,1,Regular Customers
16433,28,1,184.26,0,184.26,3,1,1,Regular Customers
16434,29,7,1511.8,0,1511.8,3,4,3,Champions
16438,6,5,798.35,0,798.35,4,4,3,Champions
16440,8,5,3640.67,0,3640.67,4,4,4,Champions
16441,67,2,381.2,0,381.2,2,2,2,Regular Customers
16442,2,3,609.3,0,609.3,4,3,2,Loyal Customers
16444,46,4,654.67,15.9,638.77,3,3,2,Loyal Customers
16445,34,1,230.51,0,230.51,3,1,1,Regular Customers
16446,1,2,168472.5,168469.6,2.9,4,2,1,Regular Customers
16447,136,1,255.91,0,255.91,2,1,1,Regular Customers
16448,198,1,182.99,0,182.99,1,1,1,Lost
16449,198,2,707.69,33,674.69,1,2,3,At Risk
16450,150,1,311.92,0,311.92,1,1,2,Lost
16451,88,1,266.97,0,266.97,2,1,1,Regular Customers
16454,45,2,6.9,15.05,-8.15,3,2,1,Regular Customers
16455,64,7,1841.18,0,1841.18,2,4,4,At Risk
16456,99,5,2158.18,0,2158.18,2,4,4,At Risk
16457,218,1,208.36,0,208.36,1,1,1,Lost
16458,3,18,3482.74,0,3482.74,4,4,4,Champions
16460,28,3,811.23,0,811.23,3,3,3,Champions
16461,178,1,142.92,0,142.92,1,1,1,Lost
16462,74,3,136,34,102,2,3,1,At Risk
16463,21,4,1422.4,38.7,1383.7,3,3,3,Champions
16464,20,3,1298.66,0,1298.66,3,3,3,Champions
16466,34,7,1595.96,0,1595.96,3,4,3,Champions
16468,74,1,74.9,0,74.9,2,1,1,Regular Customers
16469,24,4,625.42,0,625.42,3,3,2,Loyal Customers
16470,52,4,752.77,4.95,747.82,2,3,3,At Risk
16471,275,1,223.95,0,223.95,1,1,1,Lost
16473,165,3,316.11,1.25,314.86,1,3,2,At Risk
16474,7,7,1810.65,60.03,1750.62,4,4,4,Champions
16475,88,4,544.3,0,544.3,2,3,2,At Risk
16477,64,7,2494.46,0,2494.46,2,4,4,At Risk
16478,25,3,331,0,331,3,3,2,Loyal Customers
16479,10,2,300.83,0,300.83,4,2,2,Regular Customers
16480,76,1,769.29,0,769.29,2,1,3,At Risk
16482,16,1,220.62,0,220.62,4,1,1,Regular Customers
16483,192,1,139.35,0,139.35,1,1,1,Lost
16484,174,2,404.3,24.9,379.4,1,2,2,Lost
16485,77,1,363.65,0,363.65,2,1,2,Regular Customers
16488,33,3,498.8,6.6,492.2,3,3,2,Loyal Customers
16491,47,1,731.5,0,731.5,3,1,3,Regular Customers
16493,80,4,1351.63,21.97,1329.66,2,3,3,At Risk
16494,297,1,826.53,0,826.53,1,1,3,At Risk
16495,3,3,648.26,0,648.26,4,3,2,Loyal Customers
16496,9,3,1599.52,37.3,1562.22,4,3,3,Champions
16497,50,6,2965.69,0,2965.69,3,4,4,Champions
16498,161,2,100.97,14.85,86.12,1,2,1,Lost
16499,360,2,365.45,46.35,319.1,1,2,2,Lost
16500,5,6,400.86,0,400.86,4,4,2,Loyal Customers
16503,107,4,1431.93,10.5,1421.43,2,3,3,At Risk
16504,25,1,465.88,0,465.88,3,1,2,Regular Customers
16505,32,1,777.6,0,777.6,3,1,3,Regular Customers
16506,20,2,90.3,0,90.3,3,2,1,Regular Customers
16509,297,1,363.7,0,363.7,1,1,2,Lost
16510,372,1,248.1,0,248.1,1,1,1,Lost
16511,22,3,918.33,0,918.33,3,3,3,Champions
16513,5,4,874.59,0,874.59,4,3,3,Champions
16515,52,5,1624.14,0,1624.14,2,4,4,At Risk
16516,30,1,101.7,0,101.7,3,1,1,Regular Customers
16517,277,1,162.7,0,162.7,1,1,1,Lost
16518,61,2,484.32,3.4,480.92,2,2,2,Regular Customers
16519,25,2,215.08,0,215.08,3,2,1,Regular Customers
16520,186,3,1046.57,9.95,1036.62,1,3,3,At Risk
16523,2,21,9418.47,122.8,9295.67,4,4,4,Champions
16525,2,26,13027.45,1131.88,11895.57,4,4,4,Champions
16526,172,1,290.36,0,290.36,1,1,1,Lost
16527,81,1,228.06,0,228.06,2,1,1,Regular Customers
16528,4,1,244.41,0,244.41,4,1,1,Regular Customers
16529,190,1,455.25,0,455.25,1,1,2,Lost
16531,22,7,1244.59,0,1244.59,3,4,3,Champions
16532,18,3,6748.8,0,6748.8,3,3,4,Champions
16533,19,3,1082.81,68.62,1014.19,3,3,3,Champions
16535,5,1,593.75,0,593.75,4,1,2,Regular Customers
16536,110,1,548.12,9.95,538.17,2,1,2,Regular Customers
16539,3,4,1388.81,0,1388.81,4,3,3,Champions
16542,54,1,119.62,0,119.62,2,1,1,Regular Customers
16545,165,1,339.3,0,339.3,1,1,2,Lost
16546,291,2,787.15,883.08,-95.93,1,2,1,Lost
16549,10,10,4034.9,0,4034.9,4,4,4,Champions
16550,109,5,2298.97,32.72,2266.25,2,4,4,At Risk
16551,96,3,922.12,0,922.12,2,3,3,At Risk
16552,243,2,379.73,0,379.73,1,2,2,Lost
16553,163,12,5719.82,55.25,5664.57,1,4,4,At Risk
16554,42,3,837.1,195.55,641.55,3,3,2,Loyal Customers
16555,35,2,285.89,0,285.89,3,2,1,Regular Customers
16556,67,7,3313.79,0,3313.79,2,4,4,At Risk
16557,24,2,281.85,0,281.85,3,2,1,Regular Customers
16558,1,20,8338.49,81.45,8257.04,4,4,4,Champions
16560,27,2,841.41,24.9,816.51,3,2,3,Regular Customers
16561,6,2,511.12,0,511.12,4,2,2,Regular Customers
16563,54,1,1077.74,0,1077.74,2,1,3,At Risk
16565,364,1,173.7,0,173.7,1,1,1,Lost
16566,15,5,614.66,0.65,614.01,4,4,2,Loyal Customers
16567,194,2,865.6,0,865.6,1,2,3,At Risk
16569,3,1,124.2,0,124.2,4,1,1,Regular Customers
16570,15,10,3738.4,115.45,3622.95,4,4,4,Champions
16571,27,3,1421.69,136.47,1285.22,3,3,3,Champions
16572,127,3,1009.6,9.9,999.7,2,3,3,At Risk
16573,85,2,663.61,15.2,648.41,2,2,2,Regular Customers
16574,71,1,451.44,0,451.44,2,1,2,Regular Customers
16581,183,1,105.84,35.4,70.44,1,1,1,Lost
16582,113,1,313.62,0,313.62,2,1,2,Regular Customers
16583,374,1,233.45,0,233.45,1,1,1,Lost
16584,80,2,936.08,28.05,908.03,2,2,3,At Risk
16586,249,1,463.95,0,463.95,1,1,2,Lost
16587,232,1,225.15,0,225.15,1,1,1,Lost
16589,71,3,459.24,0,459.24,2,3,2,At Risk
16591,69,1,213.5,0,213.5,2,1,1,Regular Customers
16592,4,16,4113.68,40.4,4073.28,4,4,4,Champions
16593,51,3,330.03,0,330.03,2,3,2,At Risk
16594,75,1,181.09,0,181.09,2,1,1,Regular Customers
16595,61,1,360.16,0,360.16,2,1,2,Regular Customers
16596,16,2,250.15,0,250.15,4,2,1,Regular Customers
16597,4,1,90.04,0,90.04,4,1,1,Regular Customers
16598,286,1,145.05,4.35,140.7,1,1,1,Lost
16600,4,6,813.52,0,813.52,4,4,3,Champions
16601,41,1,242.7,0,242.7,3,1,1,Regular Customers
16602,36,1,528.08,33.35,494.73,3,1,2,Regular Customers
16603,75,2,482.47,0,482.47,2,2,2,Regular Customers
16607,18,14,3347.71,309.04,3038.67,3,4,4,Champions
16609,15,7,5493.46,42.5,5450.96,4,4,4,Champions
16610,219,1,75.66,0,75.66,1,1,1,Lost
16611,186,1,129.49,8.5,120.99,1,1,1,Lost
16612,33,4,1187.66,0,1187.66,3,3,3,Champions
16613,70,1,618.59,0,618.59,2,1,2,Regular Customers
16614,183,1,506.19,0,506.19,1,1,2,Lost
16616,15,2,500.42,0,500.42,4,2,2,Regular Customers
16617,236,1,151.85,0,151.85,1,1,1,Lost
16618,31,5,2647.59,16.95,2630.64,3,4,4,Champions
16619,264,1,226.21,21.8,204.41,1,1,1,Lost
16620,4,2,178.96,0,178.96,4,2,1,Regular Customers
16621,52,4,813.48,0,813.48,2,3,3,At Risk
16623,246,1,129.45,0,129.45,1,1,1,Lost
16624,81,2,810.57,0,810.57,2,2,3,At Risk
16625,275,1,333.08,0,333.08,1,1,2,Lost
16626,1,17,4413.1,33.45,4379.65,4,4,4,Champions
16627,79,1,322.8,0,322.8,2,1,2,Regular Customers
16628,30,5,2188.05,5.01,2183.04,3,4,4,Champions
16629,74,2,408.63,0,408.63,2,2,2,Regular Customers
16633,17,6,2883.1,4.95,2878.15,4,4,4,Champions
16634,223,2,217.9,0,217.9,1,2,1,Lost
16637,32,4,1154.47,29.88,1124.59,3,3,3,Champions
16638,23,10,1680.72,4.25,1676.47,3,4,4,Champions
16639,31,3,1257.51,88.13,1169.38,3,3,3,Champions
16641,106,1,231.1,0,231.1,2,1,1,Regular Customers
16642,5,2,688.33,8.5,679.83,4,2,3,Regular Customers
16643,246,1,487.51,0,487.51,1,1,2,Lost
16644,178,2,833.78,0,833.78,1,2,3,At Risk
16647,170,2,214.06,0,214.06,1,2,1,Lost
16648,43,1,290.66,19.8,270.86,3,1,1,Regular Customers
16650,72,1,518.42,0,518.42,2,1,2,Regular Customers
16652,59,7,6773.97,119.71,6654.26,2,4,4,At Risk
16653,16,2,1212.66,45.74,1166.92,4,2,3,Regular Customers
16654,141,4,601.27,6.3,594.97,2,3,2,At Risk
16655,18,6,3789.52,0,3789.52,3,4,4,Champions
16656,22,15,8625.8,57.56,8568.24,3,4,4,Champions
16657,10,4,874.43,0,874.43,4,3,3,Champions
16658,368,1,123.24,0,123.24,1,1,1,Lost
16659,189,1,39.12,0,39.12,1,1,1,Lost
16660,16,4,1267.65,457.2,810.45,4,3,3,Champions
16665,362,1,135.4,0,135.4,1,1,1,Lost
16666,19,1,118.98,0,118.98,3,1,1,Regular Customers
16667,68,2,567.18,0,567.18,2,2,2,Regular Customers
16668,15,6,306.72,0,306.72,4,4,2,Loyal Customers
16669,24,3,1348.88,4,1344.88,3,3,3,Champions
16670,17,11,4095.9,73.44,4022.46,4,4,4,Champions
16671,28,3,1692.27,0,1692.27,3,3,4,Champions
16672,2,20,8134.94,41.35,8093.59,4,4,4,Champions
16674,55,2,304.24,0,304.24,2,2,2,Regular Customers
16676,34,4,1592.12,33.4,1558.72,3,3,3,Champions
16678,3,12,3109.99,96.16,3013.83,4,4,4,Champions
16679,366,1,129.75,0,129.75,1,1,1,Lost
16680,43,1,183.7,0,183.7,3,1,1,Regular Customers
16681,73,6,1770.34,0,1770.34,2,4,4,At Risk
16682,5,5,1028,0,1028,4,4,3,Champions
16684,4,28,66653.56,761.48,65892.08,4,4,4,Champions
16685,61,2,324.24,0,324.24,2,2,2,Regular Customers
16686,47,7,2959.88,19.35,2940.53,3,4,4,Champions
16688,1,4,1260.86,0,1260.86,4,3,3,Champions
16689,76,2,422.6,119.34,303.26,2,2,2,Regular Customers
16690,72,2,225.58,16.95,208.63,2,2,1,Regular Customers
16692,256,2,1276,0,1276,1,2,3,At Risk
16693,69,2,477.86,0,477.86,2,2,2,Regular Customers
16696,135,4,657.9,0,657.9,2,3,3,At Risk
16697,241,1,112.75,0,112.75,1,1,1,Lost
16698,227,2,1998,0,1998,1,2,4,At Risk
16700,9,13,5076.55,36.55,5040,4,4,4,Champions
16701,9,13,5398.3,248.03,5150.27,4,4,4,Champions
16705,1,20,14034.99,88.86,13946.13,4,4,4,Champions
16706,37,3,531.35,0,531.35,3,3,2,Loyal Customers
16708,46,1,656.63,0,656.63,3,1,3,Regular Customers
16709,85,5,3029.87,0,3029.87,2,4,4,At Risk
16710,19,10,2467.99,0,2467.99,3,4,4,Champions
16711,3,5,1651.03,0,1651.03,4,4,4,Champions
16712,9,11,3611.31,0,3611.31,4,4,4,Champions
16713,19,15,6910.78,82.9,6827.88,3,4,4,Champions
16714,219,3,1129.06,250,879.06,1,3,3,At Risk
16715,78,1,301.72,0,301.72,2,1,2,Regular Customers
16716,267,2,901.2,581.4,319.8,1,2,2,Lost
16717,24,6,3843.08,580.02,3263.06,3,4,4,Champions
16718,369,1,606.05,0,606.05,1,1,2,Lost
16719,15,7,1770.22,16.5,1753.72,4,4,4,Champions
16720,26,1,152.95,0,152.95,3,1,1,Regular Customers
16721,262,1,292.47,0,292.47,1,1,1,Lost
16722,17,13,4730.81,19.6,4711.21,4,4,4,Champions
16723,91,2,576.4,0,576.4,2,2,2,Regular Customers
16725,302,7,758.27,5.95,752.32,1,4,3,At Risk
16726,26,5,1358.74,0,1358.74,3,4,3,Champions
16727,364,1,256.32,0,256.32,1,1,1,Lost
16728,46,4,1048.28,0,1048.28,3,3,3,Champions
16729,38,21,7205.33,163.64,7041.69,3,4,4,Champions
16730,52,3,743.11,40.32,702.79,2,3,3,At Risk
16732,32,1,603.75,0,603.75,3,1,2,Regular Customers
16734,52,3,646.76,0,646.76,2,3,2,At Risk
16735,79,5,2247.41,31.35,2216.06,2,4,4,At Risk
16737,53,1,417.6,0,417.6,2,1,2,Regular Customers
16738,298,1,3.75,0,3.75,1,1,1,Lost
16739,177,1,323,10.45,312.55,1,1,2,Lost
16742,47,1,464.9,464.9,0,3,1,1,Regular Customers
16743,29,7,2213.13,46.25,2166.88,3,4,4,Champions
16744,11,7,1291.91,0,1291.91,4,4,3,Champions
16745,87,17,7180.7,23.6,7157.1,2,4,4,At Risk
16746,5,18,6680.11,3.35,6676.76,4,4,4,Champions
16747,38,2,836.06,9.1,826.96,3,2,3,Regular Customers
16748,18,5,1515.9,0,1515.9,3,4,3,Champions
16750,45,5,623.93,0,623.93,3,4,2,Loyal Customers
16751,31,1,1764.72,0,1764.72,3,1,4,Regular Customers
16752,373,1,207.5,0,207.5,1,1,1,Lost
16753,58,1,223.92,0,223.92,2,1,1,Regular Customers
16754,372,1,2002.4,0,2002.4,1,1,4,At Risk
16755,114,3,1475.43,12.2,1463.23,2,3,3,At Risk
16756,215,1,239.4,0,239.4,1,1,1,Lost
16757,319,1,106.83,0,106.83,1,1,1,Lost
16758,65,1,369.34,0,369.34,2,1,2,Regular Customers
16759,8,3,789.79,16.95,772.84,4,3,3,Champions
16761,97,1,316.62,0,316.62,2,1,2,Regular Customers
16762,20,3,1207.24,0,1207.24,3,3,3,Champions
16763,199,1,611.85,16.95,594.9,1,1,2,Lost
16764,4,13,2790.95,41,2749.95,4,4,4,Champions
16765,294,1,34,0,34,1,1,1,Lost
16766,273,2,1145.6,0,1145.6,1,2,3,At Risk
16767,31,11,5575.56,0,5575.56,3,4,4,Champions
16768,48,3,478.09,20.05,458.04,3,3,2,Loyal Customers
16769,260,1,361.54,0,361.54,1,1,2,Lost
16770,58,5,757.1,25.2,731.9,2,4,3,At Risk
16771,33,5,2242.61,0,2242.61,3,4,4,Champions
16773,57,1,171.59,0,171.59,2,1,1,Regular Customers
16774,68,4,661.52,6.6,654.92,2,3,3,At Risk
16775,10,11,1691.51,0,1691.51,4,4,4,Champions
16776,60,1,371.54,0,371.54,2,1,2,Regular Customers
16777,80,2,222.62,0,222.62,2,2,1,Regular Customers
16778,74,2,245.94,0,245.94,2,2,1,Regular Customers
16779,2,22,10611.72,175.67,10436.05,4,4,4,Champions
16780,100,2,422.24,0,422.24,2,2,2,Regular Customers
16781,372,1,311.25,16.6,294.65,1,1,1,Lost
16782,10,13,2267.95,37.65,2230.3,4,4,4,Champions
16784,20,1,107.6,0,107.6,3,1,1,Regular Customers
16788,123,2,594.39,0,594.39,2,2,2,Regular Customers
16789,8,1,80.8,0,80.8,4,1,1,Regular Customers
16790,4,6,1545.62,25.5,1520.12,4,4,3,Champions
16791,29,7,1705.78,15.5,1690.28,3,4,4,Champions
16792,282,2,110.38,0,110.38,1,2,1,Lost
16793,57,1,243.84,0,243.84,2,1,1,Regular Customers
16794,1,10,1196.5,21.2,1175.3,4,4,3,Champions
16795,365,1,414.88,0,414.88,1,1,2,Lost
16796,89,1,305.62,0,305.62,2,1,2,Regular Customers
16800,11,1,1162.65,0,1162.65,4,1,3,Regular Customers
16801,163,4,1594.23,751.9,842.33,1,3,3,At Risk
16803,65,1,332.3,0,332.3,2,1,2,Regular Customers
16804,23,3,536.99,0,536.99,3,3,2,Loyal Customers
16805,174,2,460.59,0,460.59,1,2,2,Lost
16806,103,4,762.16,0,762.16,2,3,3,At Risk
16807,143,3,1121.59,0,1121.59,1,3,3,At Risk
16808,99,2,288.42,0,288.42,2,2,1,Regular Customers
16809,23,5,914.69,1.95,912.74,3,4,3,Champions
16810,192,1,309.54,33.9,275.64,1,1,1,Lost
16811,5,2,547.07,0,547.07,4,2,2,Regular Customers
16812,361,1,479.35,0,479.35,1,1,2,Lost
16813,8,10,1652.18,0,1652.18,4,4,4,Champions
16814,14,21,6416.7,8.5,6408.2,4,4,4,Champions
16816,103,4,417.06,0,417.06,2,3,2,At Risk
16817,3,9,1604.75,157.8,1446.95,4,4,3,Champions
16818,11,11,3349.57,31.6,3317.97,4,4,4,Champions
16820,96,1,497.61,0,497.61,2,1,2,Regular Customers
16823,227,1,358.38,0,358.38,1,1,2,Lost
16824,16,2,460.64,0,460.64,4,2,2,Regular Customers
16825,39,2,775.18,0,775.18,3,2,3,Regular Customers
16826,51,1,341.7,0,341.7,2,1,2,Regular Customers
16828,93,2,128.5,0,128.5,2,2,1,Regular Customers
16829,157,1,197.22,0,197.22,1,1,1,Lost
16830,39,1,325.91,0,325.91,3,1,2,Regular Customers
16832,184,3,199.15,0,199.15,1,3,1,At Risk
16833,1,4,1106.53,0,1106.53,4,3,3,Champions
16834,228,1,413.46,0,413.46,1,1,2,Lost
16835,128,2,180.85,0,180.85,2,2,1,Regular Customers
16836,40,2,251.87,0,251.87,3,2,1,Regular Customers
16837,31,11,3170.98,3.25,3167.73,3,4,4,Champions
16838,197,2,588.85,5.95,582.9,1,2,2,Lost
16839,9,34,16594.35,1236.57,15357.78,4,4,4,Champions
16841,37,6,1869.82,95.2,1774.62,3,4,4,Champions
16842,101,3,1264.19,3.75,1260.44,2,3,3,At Risk
16843,43,16,10196.57,12.75,10183.82,3,4,4,Champions
16846,50,1,214.32,0,214.32,3,1,1,Regular Customers
16847,43,1,193.44,0,193.44,3,1,1,Regular Customers
16848,53,1,281.42,0,281.42,2,1,1,Regular Customers
16849,187,1,124.57,0,124.57,1,1,1,Lost
16850,334,1,332.41,0,332.41,1,1,2,Lost
16851,4,3,342.45,0,342.45,4,3,2,Loyal Customers
16852,10,2,144.91,0,144.91,4,2,1,Regular Customers
16855,24,2,328.4,0,328.4,3,2,2,Regular Customers
16856,15,1,35.4,0,35.4,4,1,1,Regular Customers
16858,369,1,375.69,29.8,345.89,1,1,2,Lost
16859,145,2,747.81,274.67,473.14,1,2,2,Lost
16861,60,2,173.76,22.11,151.65,2,2,1,Regular Customers
16863,31,2,502.8,21.45,481.35,3,2,2,Regular Customers
16866,141,3,207.74,0,207.74,2,3,1,At Risk
16869,23,4,817.12,19.8,797.32,3,3,3,Champions
16871,22,6,2812.34,50.85,2761.49,3,4,4,Champions
16872,77,3,680.02,0,680.02,2,3,3,At Risk
16873,5,6,7123.62,57.31,7066.31,4,4,4,Champions
16875,67,5,2095.53,72.06,2023.47,2,4,4,At Risk
16877,12,6,846.62,0,846.62,4,4,3,Champions
16878,84,1,13.3,13.3,0,2,1,1,Regular Customers
16880,31,7,1491.43,0,1491.43,3,4,3,Champions
16881,67,1,432,0,432,2,1,2,Regular Customers
16882,67,3,705.12,0,705.12,2,3,3,At Risk
16883,187,2,272.48,0,272.48,1,2,1,Lost
16884,38,2,429.84,0,429.84,3,2,2,Regular Customers
16885,15,3,450.41,0,450.41,4,3,2,Loyal Customers
16887,35,1,192.33,0,192.33,3,1,1,Regular Customers
16889,195,3,1578.67,0,1578.67,1,3,3,At Risk
16891,2,5,742.43,0,742.43,4,4,3,Champions
16892,1,5,518.19,28.7,489.49,4,4,2,Loyal Customers
16893,367,1,145.93,0,145.93,1,1,1,Lost
16895,65,1,202.27,0,202.27,2,1,1,Regular Customers
16897,299,2,289.78,76.75,213.03,1,2,1,Lost
16898,26,3,501.03,64.35,436.68,3,3,2,Loyal Customers
16899,8,6,1271.06,0,1271.06,4,4,3,Champions
16900,17,3,887.11,699.42,187.69,4,3,1,Loyal Customers
16902,116,1,1706.88,0,1706.88,2,1,4,At Risk
16903,29,1,363.2,0,363.2,3,1,2,Regular Customers
16904,4,16,3653.75,0,3653.75,4,4,4,Champions
16905,5,7,3037.6,16.95,3020.65,4,4,4,Champions
16906,82,4,559.59,0,559.59,2,3,2,At Risk
16907,29,5,928.76,0,928.76,3,4,3,Champions
16909,72,1,379.14,15,364.14,2,1,2,Regular Customers
16910,4,8,1508.96,0,1508.96,4,4,3,Champions
16912,29,11,2555.58,46.71,2508.87,3,4,4,Champions
16913,290,1,113.44,0,113.44,1,1,1,Lost
16914,36,1,183.76,0,183.76,3,1,1,Regular Customers
16915,9,6,621.68,0,621.68,4,4,2,Loyal Customers
16916,24,2,562.41,0,562.41,3,2,2,Regular Customers
16917,277,1,391.52,0,391.52,1,1,2,Lost
16918,50,6,1068.82,25.48,1043.34,3,4,3,Champions
16919,156,11,2592.25,0,2592.25,1,4,4,At Risk
16921,61,1,154.18,0,154.18,2,1,1,Regular Customers
16923,12,19,7069.08,580.78,6488.3,4,4,4,Champions
16924,21,3,829.89,107.25,722.64,3,3,3,Champions
16926,371,1,230.25,0,230.25,1,1,1,Lost
16927,116,3,543.05,0,543.05,2,3,2,At Risk
16928,80,17,2814.7,66.1,2748.6,2,4,4,At Risk
16929,4,7,1295.39,0,1295.39,4,4,3,Champions
16930,26,3,378.89,0,378.89,3,3,2,Loyal Customers
16931,5,21,4554.87,0,4554.87,4,4,4,Champions
16932,53,1,150.23,0,150.23,2,1,1,Regular Customers
16933,1,2,563.23,33.15,530.08,4,2,2,Regular Customers
16934,55,2,931.03,0,931.03,2,2,3,At Risk
16936,26,1,261.9,0,261.9,3,1,1,Regular Customers
16938,9,4,2711.68,833.25,1878.43,4,3,4,Champions
16940,52,3,3049.88,0,3049.88,2,3,4,At Risk
16942,13,9,1904.99,26.48,1878.51,4,4,4,Champions
16943,212,3,816.73,0,816.73,1,3,3,At Risk
16945,22,19,4345.5,0,4345.5,3,4,4,Champions
16947,236,1,406.48,0,406.48,1,1,2,Lost
16948,139,3,435.02,0,435.02,2,3,2,At Risk
16949,4,6,1286.27,125,1161.27,4,4,3,Champions
16950,57,3,1178.56,0,1178.56,2,3,3,At Risk
16951,135,3,1277.75,15,1262.75,2,3,3,At Risk
16952,109,2,167.61,0,167.61,2,2,1,Regular Customers
16953,30,1,20.8,0,20.8,3,1,1,Regular Customers
16954,1,9,2085.08,0,2085.08,4,4,4,Champions
16955,185,4,518.67,25,493.67,1,3,2,At Risk
16956,18,1,308.74,16.4,292.34,3,1,1,Regular Customers
16957,239,2,416.64,0,416.64,1,2,2,Lost
16959,87,1,117.35,0,117.35,2,1,1,Regular Customers
16960,39,3,507.05,0,507.05,3,3,2,Loyal Customers
16961,116,1,234.17,0,234.17,2,1,1,Regular Customers
16963,187,1,110.55,0,110.55,1,1,1,Lost
16965,227,1,201.19,0,201.19,1,1,1,Lost
16966,8,7,2154.97,6.5,2148.47,4,4,4,Champions
16967,189,1,319.02,0,319.02,1,1,2,Lost
16968,4,2,439.43,0,439.43,4,2,2,Regular Customers
16969,39,3,650.41,0,650.41,3,3,3,Champions
16971,38,1,357.21,125,232.21,3,1,1,Regular Customers
16976,267,1,251.52,0,251.52,1,1,1,Lost
16978,78,1,344.33,0,344.33,2,1,2,Regular Customers
16979,4,6,1852,42.95,1809.05,4,4,4,Champions
16980,255,2,1028.46,0,1028.46,1,2,3,At Risk
16982,61,1,384.06,0,384.06,2,1,2,Regular Customers
16983,13,7,1905.87,11.05,1894.82,4,4,4,Champions
16984,88,2,4459.52,88.93,4370.59,2,2,4,At Risk
16985,17,10,5464.12,2.5,5461.62,4,4,4,Champions
16986,30,2,1873.2,0,1873.2,3,2,4,Regular Customers
16987,3,7,1616.8,0,1616.8,4,4,3,Champions
16988,5,1,126.12,0,126.12,4,1,1,Regular Customers
16989,7,6,1133.25,0,1133.25,4,4,3,Champions
16990,219,1,179,0,179,1,1,1,Lost
16992,11,5,1614.31,12.45,1601.86,4,4,3,Champions
16996,30,6,1456.96,29.5,1427.46,3,4,3,Champions
16997,288,3,702,0,702,1,3,3,At Risk
16998,150,4,295,7.98,287.02,1,3,1,At Risk
16999,23,2,484.82,0,484.82,3,2,2,Regular Customers
17001,1,11,3989.57,0,3989.57,4,4,4,Champions
17002,86,3,1493.73,5.95,1487.78,2,3,3,At Risk
17004,46,2,1312.14,0,1312.14,3,2,3,Regular Customers
17006,5,4,781.78,0,781.78,4,3,3,Champions
17007,51,6,889.93,12.5,877.43,2,4,3,At Risk
17010,18,1,195.36,9.9,185.46,3,1,1,Regular Customers
17011,30,1,270.9,0,270.9,3,1,1,Regular Customers
17014,8,3,583.43,20.75,562.68,4,3,2,Loyal Customers
17015,29,3,1838.61,0,1838.61,3,3,4,Champions
17017,3,20,8694.26,120.15,8574.11,4,4,4,Champions
17018,41,2,920.1,0,920.1,3,2,3,Regular Customers
17019,11,4,1258.08,0,1258.08,4,3,3,Champions
17022,31,1,71,0,71,3,1,1,Regular Customers
17024,45,3,95.85,0,95.85,3,3,1,Loyal Customers
17025,61,3,357.77,0,357.77,2,3,2,At Risk
17026,185,2,154.83,0,154.83,1,2,1,Lost
17027,79,6,877.56,41.7,835.86,2,4,3,At Risk
17029,111,2,716,0,716,2,2,3,At Risk
17030,64,1,146.87,0,146.87,2,1,1,Regular Customers
17031,12,2,380.35,0,380.35,4,2,2,Regular Customers
17033,86,3,1030.14,0,1030.14,2,3,3,At Risk
17034,16,3,745.52,10.95,734.57,4,3,3,Champions
17035,246,2,433.53,45.2,388.33,1,2,2,Lost
17037,88,1,1267.32,14.1,1253.22,2,1,3,At Risk
17038,30,1,112.4,0,112.4,3,1,1,Regular Customers
17040,138,1,449.73,0,449.73,2,1,2,Regular Customers
17041,27,3,1071.49,15.8,1055.69,3,3,3,Champions
17042,3,5,1036.58,0,1036.58,4,4,3,Champions
17043,32,4,1735.18,0,1735.18,3,3,4,Champions
17044,25,1,948.48,51.05,897.43,3,1,3,Regular Customers
17045,113,3,339.44,0,339.44,2,3,2,At Risk
17046,157,1,642.02,0,642.02,1,1,2,Lost
17047,85,3,1100.9,0,1100.9,2,3,3,At Risk
17048,118,3,925.35,61.03,864.32,2,3,3,At Risk
17049,3,9,5655.03,65.2,5589.83,4,4,4,Champions
17050,96,6,3185.64,0,3185.64,2,4,4,At Risk
17051,194,1,240.89,0,240.89,1,1,1,Lost
17052,28,1,399.09,0,399.09,3,1,2,Regular Customers
17053,131,1,498.48,2.1,496.38,2,1,2,Regular Customers
17054,28,5,1356.33,2.5,1353.83,3,4,3,Champions
17058,82,3,1179.89,0,1179.89,2,3,3,At Risk
17059,30,5,3080.39,0,3080.39,3,4,4,Champions
17060,266,1,234.24,0,234.24,1,1,1,Lost
17061,74,11,5232.23,116.1,5116.13,2,4,4,At Risk
17062,314,4,533.33,3.9,529.43,1,3,2,At Risk
17063,21,7,1461.14,39.55,1421.59,3,4,3,Champions
17064,59,3,855.45,0,855.45,2,3,3,At Risk
17068,12,21,4552.14,20.8,4531.34,4,4,4,Champions
17069,28,9,2709.7,54.48,2655.22,3,4,4,Champions
17070,114,1,304.24,0,304.24,2,1,2,Regular Customers
17071,28,9,2429.03,43.55,2385.48,3,4,4,Champions
17073,18,4,1446.09,0,1446.09,3,3,3,Champions
17075,18,4,834.12,20.35,813.77,3,3,3,Champions
17076,36,3,841.08,0,841.08,3,3,3,Champions
17078,36,2,378.2,0,378.2,3,2,2,Regular Customers
17079,78,1,118.8,0,118.8,2,1,1,Regular Customers
17080,22,2,287.62,2.12,285.5,3,2,1,Regular Customers
17081,25,2,288.91,0,288.91,3,2,1,Regular Customers
17082,33,2,2003.85,0,2003.85,3,2,4,Regular Customers
17083,109,3,1405.78,0,1405.78,2,3,3,At Risk
17084,35,2,2747.99,0,2747.99,3,2,4,Regular Customers
17085,123,5,1562.4,11.6,1550.8,2,4,3,At Risk
17086,7,6,2050.08,0,2050.08,4,4,4,Champions
17088,28,4,1991.01,0,1991.01,3,3,4,Champions
17090,4,7,1974.65,2.1,1972.55,4,4,4,Champions
17091,3,9,3827.76,24.95,3802.81,4,4,4,Champions
17092,50,4,1774.03,0,1774.03,3,3,4,Champions
17094,322,1,302,31.8,270.2,1,1,1,Lost
17095,23,3,1324.16,235.96,1088.2,3,3,3,Champions
17096,15,4,1022.13,29.45,992.68,4,3,3,Champions
17097,2,8,954.42,16.5,937.92,4,4,3,Champions
17100,18,2,971.74,0,971.74,3,2,3,Regular Customers
17101,10,4,1621.73,0,1621.73,4,3,4,Champions
17102,262,1,25.5,0,25.5,1,1,1,Lost
17105,159,2,665.78,0,665.78,1,2,3,At Risk
17107,33,6,10797.48,435,10362.48,3,4,4,Champions
17109,29,6,881.29,15.36,865.93,3,4,3,Champions
17110,165,1,163.3,0,163.3,1,1,1,Lost
17111,47,1,231.61,0,231.61,3,1,1,Regular Customers
17114,6,8,801.12,61.4,739.72,4,4,3,Champions
17115,8,3,837.5,30.6,806.9,4,3,3,Champions
17117,288,1,116.2,0,116.2,1,1,1,Lost
17118,318,1,157.02,0,157.02,1,1,1,Lost
17119,3,2,606.91,13.3,593.61,4,2,2,Regular Customers
17120,233,1,307.46,0,307.46,1,1,2,Lost
17122,119,1,138.32,0,138.32,2,1,1,Regular Customers
17123,162,1,345.3,0,345.3,1,1,2,Lost
17124,185,1,294.24,0,294.24,1,1,1,Lost
17125,50,1,230.5,0,230.5,3,1,1,Regular Customers
17126,152,5,989.45,12.9,976.55,1,4,3,At Risk
17128,335,1,157.09,0,157.09,1,1,1,Lost
17131,5,5,2463.17,0,2463.17,4,4,4,Champions
17133,16,7,4892.24,0,4892.24,4,4,4,Champions
17134,107,2,413.2,0,413.2,2,2,2,Regular Customers
17135,16,7,1139.73,0,1139.73,4,4,3,Champions
17138,276,1,380.5,0,380.5,1,1,2,Lost
17139,16,12,10650.77,82.9,10567.87,4,4,4,Champions
17140,247,1,454.12,0,454.12,1,1,2,Lost
17142,239,1,579,0,579,1,1,2,Lost
17144,1,2,984.57,0,984.57,4,2,3,Regular Customers
17146,106,3,749.78,0,749.78,2,3,3,At Risk
17147,23,4,1714.59,34.95,1679.64,3,3,4,Champions
17148,52,1,124.88,0,124.88,2,1,1,Regular Customers
17152,195,3,1689.5,186,1503.5,1,3,3,At Risk
17153,24,1,213.78,0,213.78,3,1,1,Regular Customers
17154,75,1,329.34,0,329.34,2,1,2,Regular Customers
17155,18,2,251.7,0,251.7,3,2,1,Regular Customers
17157,8,2,319,12.45,306.55,4,2,2,Regular Customers
17158,32,3,1266.97,0,1266.97,3,3,3,Champions
17159,22,3,1538.88,4.15,1534.73,3,3,3,Champions
17160,31,6,3518.03,0,3518.03,3,4,4,Champions
17162,29,10,1715.46,8.25,1707.21,3,4,4,Champions
17163,22,2,293.1,0,293.1,3,2,1,Regular Customers
17164,33,7,2467.35,0.95,2466.4,3,4,4,Champions
17165,284,1,158.68,0,158.68,1,1,1,Lost
17166,39,2,206.34,16.85,189.49,3,2,1,Regular Customers
17169,58,2,835.78,18.9,816.88,2,2,3,At Risk
17171,289,1,224.91,0,224.91,1,1,1,Lost
17172,79,1,317.76,4.5,313.26,2,1,2,Regular Customers
17173,5,8,3766.6,10.95,3755.65,4,4,4,Champions
17174,218,1,59.9,0,59.9,1,1,1,Lost
17175,44,4,1443.69,12.75,1430.94,3,3,3,Champions
17176,202,1,306.13,0,306.13,1,1,2,Lost
17179,178,3,711.79,0,711.79,1,3,3,At Risk
17180,56,4,783.97,15.65,768.32,2,3,3,At Risk
17181,57,2,239.92,0,239.92,2,2,1,Regular Customers
17183,8,6,3347.31,60.4,3286.91,4,4,4,Champions
17186,47,2,144,0,144,3,2,1,Regular Customers
17187,227,1,203.95,0,203.95,1,1,1,Lost
17188,11,7,2474.23,198.65,2275.58,4,4,4,Champions
17189,106,2,383.75,0,383.75,2,2,2,Regular Customers
17190,59,2,444.74,195,249.74,2,2,1,Regular Customers
17191,28,7,2093.68,0,2093.68,3,4,4,Champions
17193,36,7,1699.3,24.84,1674.46,3,4,4,Champions
17194,274,2,262.62,0,262.62,1,2,1,Lost
17197,30,1,1013.01,0,1013.01,3,1,3,Regular Customers
17198,24,3,692.22,0,692.22,3,3,3,Champions
17201,54,1,289.78,0,289.78,2,1,1,Regular Customers
17203,36,6,3560.08,0,3560.08,3,4,4,Champions
17204,175,4,1564.56,211.65,1352.91,1,3,3,At Risk
17205,54,1,384.08,0,384.08,2,1,2,Regular Customers
17206,53,1,204.24,0,204.24,2,1,1,Regular Customers
17211,27,8,2317.22,17.55,2299.67,3,4,4,Champions
17212,253,1,226.85,0,226.85,1,1,1,Lost
17213,40,7,2781.23,40.15,2741.08,3,4,4,Champions
17214,60,6,1059.12,85,974.12,2,4,3,At Risk
17217,234,1,113.5,0,113.5,1,1,1,Lost
17218,4,10,1951.97,0,1951.97,4,4,4,Champions
17219,32,1,114.23,0,114.23,3,1,1,Regular Customers
17220,24,14,3187.55,0,3187.55,3,4,4,Champions
17221,7,2,334.48,0,334.48,4,2,2,Regular Customers
17222,65,1,328.65,0,328.65,2,1,2,Regular Customers
17223,310,2,416.89,0,416.89,1,2,2,Lost
17226,309,1,393.49,0,393.49,1,1,2,Lost
17227,19,6,939.32,0,939.32,3,4,3,Champions
17228,16,8,1906.09,0,1906.09,4,4,4,Champions
17229,96,2,318.76,0,318.76,2,2,2,Regular Customers
17230,264,8,3638.41,171.74,3466.67,1,4,4,At Risk
17231,12,10,3124.72,46.5,3078.22,4,4,4,Champions
17232,3,2,417.77,0,417.77,4,2,2,Regular Customers
17233,35,1,190.88,0,190.88,3,1,1,Regular Customers
17234,183,1,149.89,0,149.89,1,1,1,Lost
17235,25,2,550.06,0,550.06,3,2,2,Regular Customers
17236,13,6,916.13,0,916.13,4,4,3,Champions
17237,11,2,314.69,0,314.69,4,2,2,Regular Customers
17238,3,17,3719.1,0,3719.1,4,4,4,Champions
17239,313,1,382.5,2.55,379.95,1,1,2,Lost
17242,108,2,1135.04,0,1135.04,2,2,3,At Risk
17243,1,26,8540.05,48.3,8491.75,4,4,4,Champions
17244,53,1,954.9,0,954.9,2,1,3,At Risk
17245,205,1,171.45,0,171.45,1,1,1,Lost
17247,15,1,280.09,0,280.09,4,1,1,Regular Customers
17248,120,1,318.65,0,318.65,2,1,2,Regular Customers
17250,4,2,381.97,0,381.97,4,2,2,Regular Customers
17251,363,1,269.83,0,269.83,1,1,1,Lost
17252,117,2,348.91,0,348.91,2,2,2,Regular Customers
17253,18,1,178.26,0,178.26,3,1,1,Regular Customers
17254,5,2,271.19,0,271.19,4,2,1,Regular Customers
17255,41,2,291.48,0,291.48,3,2,1,Regular Customers
17256,107,2,240,0,240,2,2,1,Regular Customers
17259,148,2,581.23,0,581.23,1,2,2,Lost
17262,52,5,1253.36,0,1253.36,2,4,3,At Risk
17263,208,1,63.44,0,63.44,1,1,1,Lost
17265,139,2,550.01,0,550.01,2,2,2,Regular Customers
17266,2,3,296.58,0,296.58,4,3,1,Loyal Customers
17267,127,2,317.2,0,317.2,2,2,2,Regular Customers
17268,108,4,763.64,0,763.64,2,3,3,At Risk
17272,42,4,2148.63,4.1,2144.53,3,3,4,Champions
17274,35,1,107.82,0,107.82,3,1,1,Regular Customers
17277,228,2,1065.35,0,1065.35,1,2,3,At Risk
17278,241,1,246.04,0,246.04,1,1,1,Lost
17279,58,1,187.83,0,187.83,2,1,1,Regular Customers
17282,130,3,1685.46,0,1685.46,2,3,4,At Risk
17284,60,6,1647.48,10.9,1636.58,2,4,4,At Risk
17286,22,1,151.37,0,151.37,3,1,1,Regular Customers
17287,26,7,1049.06,0,1049.06,3,4,3,Champions
17288,9,7,1417.63,0,1417.63,4,4,3,Champions
17289,32,3,931.02,8.25,922.77,3,3,3,Champions
17290,4,2,513.01,0,513.01,4,2,2,Regular Customers
17291,308,1,550.8,0,550.8,1,1,2,Lost
17293,8,9,1854.06,0,1854.06,4,4,4,Champions
17295,29,3,547,0,547,3,3,2,Loyal Customers
17297,17,1,128.18,0,128.18,4,1,1,Regular Customers
17298,101,2,498.42,0,498.42,2,2,2,Regular Customers
17299,12,4,656.61,0,656.61,4,3,3,Champions
17301,21,1,163.24,0,163.24,3,1,1,Regular Customers
17302,15,5,1135.63,15.7,1119.93,4,4,3,Champions
17303,361,1,250.04,0,250.04,1,1,1,Lost
17306,11,19,8631.31,30.58,8600.73,4,4,4,Champions
17309,95,1,82.75,0,82.75,2,1,1,Regular Customers
17311,78,2,1384.85,0,1384.85,2,2,3,At Risk
17312,139,3,644.3,0,644.3,2,3,2,At Risk
17313,31,1,2328.84,40.71,2288.13,3,1,4,Regular Customers
17314,25,8,2527.92,13.16,2514.76,3,4,4,Champions
17315,2,38,6281.23,87.8,6193.43,4,4,4,Champions
17317,46,3,2600.34,76.32,2524.02,3,3,4,Champions
17320,100,3,1200.62,0,1200.62,2,3,3,At Risk
17321,8,2,657.16,0,657.16,4,2,3,Regular Customers
17323,15,7,906.52,12.08,894.44,4,4,3,Champions
17324,18,4,986.48,0,986.48,3,3,3,Champions
17325,280,1,96.8,0,96.8,1,1,1,Lost
17329,14,2,523.11,0,523.11,4,2,2,Regular Customers
17330,23,2,363.9,0,363.9,3,2,2,Regular Customers
17331,124,1,175.2,0,175.2,2,1,1,Regular Customers
17333,86,1,494.25,0,494.25,2,1,2,Regular Customers
17334,302,2,307.02,0.42,306.6,1,2,2,Lost
17337,151,4,1981.06,83.55,1897.51,1,3,4,At Risk
17338,17,8,6493.54,31.75,6461.79,4,4,4,Champions
17339,94,2,243.36,0,243.36,2,2,1,Regular Customers
17340,30,11,12353.29,462.11,11891.18,3,4,4,Champions
17341,157,3,682.29,0,682.29,1,3,3,At Risk
17343,355,1,193.64,0,193.64,1,1,1,Lost
17344,46,1,157.62,0,157.62,3,1,1,Regular Customers
17345,15,4,519.69,0,519.69,4,3,2,Loyal Customers
17346,4,15,2622.88,64.98,2557.9,4,4,4,Champions
17347,86,1,228.96,0,228.96,2,1,1,Regular Customers
17348,15,5,1156.6,0,1156.6,4,4,3,Champions
17349,179,1,98.25,0,98.25,1,1,1,Lost
17350,8,4,1281.32,29.88,1251.44,4,3,3,Champions
17351,36,3,587.15,0,587.15,3,3,2,Loyal Customers
17353,129,2,1740,0,1740,2,2,4,At Risk
17354,51,1,1393.06,0,1393.06,2,1,3,At Risk
17356,312,1,178.22,0,178.22,1,1,1,Lost
17357,24,2,384.39,0,384.39,3,2,2,Regular Customers
17358,303,2,360.81,0,360.81,1,2,2,Lost
17359,11,1,127.86,0,127.86,4,1,1,Regular Customers
17360,17,3,568.24,0,568.24,4,3,2,Loyal Customers
17361,49,3,488.2,0,488.2,3,3,2,Loyal Customers
17362,239,2,312.23,0,312.23,1,2,2,Lost
17364,1,11,4462.68,25.45,4437.23,4,4,4,Champions
17365,13,8,4767.36,0,4767.36,4,4,4,Champions
17367,238,1,167.55,0,167.55,1,1,1,Lost
17368,23,8,1878.87,563.15,1315.72,3,4,3,Champions
17370,73,4,446.18,0,446.18,2,3,2,At Risk
17371,17,3,418.4,0,418.4,4,3,2,Loyal Customers
17372,41,8,1337.18,0,1337.18,3,4,3,Champions
17373,40,4,646.92,0,646.92,3,3,2,Loyal Customers
17374,219,2,495.77,0,495.77,1,2,2,Lost
17375,199,3,400.1,27.6,372.5,1,3,2,At Risk
17376,71,2,203.2,0,203.2,2,2,1,Regular Customers
17377,24,20,4058.32,175,3883.32,3,4,4,Champions
17379,11,1,389.72,0,389.72,4,1,2,Regular Customers
17381,9,29,20275.61,3.18,20272.43,4,4,4,Champions
17382,65,1,65.4,0,65.4,2,1,1,Regular Customers
17383,4,1,193.39,0,193.39,4,1,1,Regular Customers
17384,19,2,336.4,0,336.4,3,2,2,Regular Customers
17385,15,1,256.11,0,256.11,4,1,1,Regular Customers
17386,8,6,2686.42,0,2686.42,4,4,4,Champions
17387,20,2,746.81,0,746.81,3,2,3,Regular Customers
17388,78,4,1259.56,0,1259.56,2,3,3,At Risk
17389,1,34,31833.68,533.6,31300.08,4,4,4,Champions
17391,164,2,508.8,0,508.8,1,2,2,Lost
17392,307,2,417.27,0,417.27,1,2,2,Lost
17394,219,1,203.87,0,203.87,1,1,1,Lost
17396,39,8,7330.8,0,7330.8,3,4,4,Champions
17397,22,2,681.41,0,681.41,3,2,3,Regular Customers
17398,115,3,653.38,0,653.38,2,3,3,At Risk
17400,126,5,2097.84,0,2097.84,2,4,4,At Risk
17402,5,13,2633.85,0,2633.85,4,4,4,Champions
17403,36,1,263.92,0,263.92,3,1,1,Regular Customers
17404,4,15,31906.82,1606,30300.82,4,4,4,Champions
17405,1,3,1031.41,64.19,967.22,4,3,3,Champions
17406,333,3,2184.42,271.7,1912.72,1,3,4,At Risk
17408,163,1,32.65,0,32.65,1,1,1,Lost
17409,185,2,771.85,0,771.85,1,2,3,At Risk
17410,16,5,1214.72,0,1214.72,4,4,3,Champions
17411,12,3,778.94,30,748.94,4,3,3,Champions
17412,3,7,1258.06,0,1258.06,4,4,3,Champions
17414,44,2,778,0,778,3,2,3,Regular Customers
17415,80,1,507.84,0,507.84,2,1,2,Regular Customers
17416,30,7,6893.42,55.08,6838.34,3,4,4,Champions
17418,42,2,463.46,0,463.46,3,2,2,Regular Customers
17419,11,12,4226.57,25.6,4200.97,4,4,4,Champions
17420,50,3,598.83,0,598.83,3,3,2,Loyal Customers
17422,16,6,1979.37,126.24,1853.13,4,4,4,Champions
17423,46,2,698.41,34.78,663.63,3,2,3,Regular Customers
17425,19,2,759.17,0,759.17,3,2,3,Regular Customers
17426,8,6,5037.26,15,5022.26,4,4,4,Champions
17427,72,1,100.8,0,100.8,2,1,1,Regular Customers
17428,1,28,17256.85,178.4,17078.45,4,4,4,Champions
17429,128,3,524.92,12.8,512.12,2,3,2,At Risk
17430,33,2,265.76,0,265.76,3,2,1,Regular Customers
17431,313,1,403.3,0,403.3,1,1,2,Lost
17432,18,2,365.76,0,365.76,3,2,2,Regular Customers
17433,88,1,303.16,0,303.16,2,1,2,Regular Customers
17434,2,7,2373.82,40.4,2333.42,4,4,4,Champions
17436,2,2,216.3,0,216.3,4,2,1,Regular Customers
17438,254,1,388.45,10.15,378.3,1,1,2,Lost
17440,157,3,186.42,9.32,177.1,1,3,1,At Risk
17442,37,6,2248.56,38.3,2210.26,3,4,4,Champions
17443,220,1,534.24,0,534.24,1,1,2,Lost
17444,148,3,2940.04,0,2940.04,1,3,4,At Risk
17446,177,2,120.9,0,120.9,1,2,1,Lost
17447,40,2,541.53,0,541.53,3,2,2,Regular Customers
17449,2,7,2519.21,16,2503.21,4,4,4,Champions
17450,8,46,194390.79,7068.62,187322.17,4,4,4,Champions
17451,1,7,1721.4,72.45,1648.95,4,4,4,Champions
17453,18,2,486.72,0,486.72,3,2,2,Regular Customers
17454,192,4,517.53,0,517.53,1,3,2,At Risk
17455,204,1,131.7,0,131.7,1,1,1,Lost
17456,365,1,249.86,0,249.86,1,1,1,Lost
17457,127,5,1737.7,0,1737.7,2,4,4,At Risk
17458,15,1,316.5,0,316.5,4,1,2,Regular Customers
17459,43,2,657.3,0,657.3,3,2,3,Regular Customers
17460,94,6,622.43,169.8,452.63,2,4,2,At Risk
17461,23,3,735.82,0,735.82,3,3,3,Champions
17462,60,2,675.69,12.75,662.94,2,2,3,At Risk
17463,16,5,1875.86,15.05,1860.81,4,4,4,Champions
17464,158,1,289.96,0,289.96,1,1,1,Lost
17466,10,2,763.28,0,763.28,4,2,3,Regular Customers
17468,10,2,137,0,137,4,2,1,Regular Customers
17469,16,5,1870.97,27.91,1843.06,4,4,4,Champions
17470,45,5,1125.07,0,1125.07,3,4,3,Champions
17472,191,3,697.54,0,697.54,1,3,3,At Risk
17475,79,1,194.37,0,194.37,2,1,1,Regular Customers
17480,78,1,511.82,5.31,506.51,2,1,2,Regular Customers
17481,4,4,1255.59,6.25,1249.34,4,3,3,Champions
17483,65,3,414.04,0,414.04,2,3,2,At Risk
17486,261,1,396.87,0,396.87,1,1,2,Lost
17489,59,2,376.64,0,376.64,2,2,2,Regular Customers
17490,1,7,2092.32,165.44,1926.88,4,4,4,Champions
17491,1,10,3558.87,16.95,3541.92,4,4,4,Champions
17492,248,1,374.57,0,374.57,1,1,2,Lost
17495,8,2,497.56,0,497.56,4,2,2,Regular Customers
17496,359,1,271.05,0,271.05,1,1,1,Lost
17498,76,1,272.22,0,272.22,2,1,1,Regular Customers
17499,290,1,622.88,0,622.88,1,1,2,Lost
17500,17,3,1138,0,1138,4,3,3,Champions
17501,221,2,288.6,0,288.6,1,2,1,Lost
17502,9,4,689.1,0,689.1,4,3,3,Champions
17503,3,2,558.96,0,558.96,4,2,2,Regular Customers
17504,206,9,2997.03,251.75,2745.28,1,4,4,At Risk
17505,162,2,1145.84,0,1145.84,1,2,3,At Risk
17506,76,1,302.2,7.91,294.29,2,1,1,Regular Customers
17507,262,2,605.58,0,605.58,1,2,2,Lost
17508,281,1,387.31,0,387.31,1,1,2,Lost
17509,58,8,6083.64,14.4,6069.24,2,4,4,At Risk
17510,25,1,308.48,0,308.48,3,1,2,Regular Customers
17511,3,31,91062.38,2937,88125.38,4,4,4,Champions
17512,29,10,2924.99,4.95,2920.04,3,4,4,Champions
17513,72,1,513.2,0,513.2,2,1,2,Regular Customers
17514,128,1,208.65,0,208.65,2,1,1,Regular Customers
17515,31,4,639.02,0,639.02,3,3,2,Loyal Customers
17516,15,5,764.88,0,764.88,4,4,3,Champions
17517,309,1,153.94,0,153.94,1,1,1,Lost
17519,17,6,1844.02,4.95,1839.07,4,4,4,Champions
17520,54,1,546.81,0,546.81,2,1,2,Regular Customers
17521,30,3,723.21,1.25,721.96,3,3,3,Champions
17522,2,5,1070.71,0,1070.71,4,4,3,Champions
17523,11,4,652.74,0,652.74,4,3,3,Champions
17524,361,1,145,0,145,1,1,1,Lost
17525,360,1,422.7,0,422.7,1,1,2,Lost
17526,5,4,1195.9,489.2,706.7,4,3,3,Champions
17527,54,4,939.37,50.51,888.86,2,3,3,At Risk
17528,1,8,3628.5,88.4,3540.1,4,4,4,Champions
17530,1,10,2367.12,0,2367.12,4,4,4,Champions
17531,190,1,296.7,3.25,293.45,1,1,1,Lost
17534,54,1,223.36,0,223.36,2,1,1,Regular Customers
17535,280,1,164.4,0,164.4,1,1,1,Lost
17536,177,1,76.5,0,76.5,1,1,1,Lost
17537,30,2,887.67,0,887.67,3,2,3,Regular Customers
17538,26,1,98.42,0,98.42,3,1,1,Regular Customers
17540,25,2,578.9,8.5,570.4,3,2,2,Regular Customers
17542,270,1,170.75,0,170.75,1,1,1,Lost
17545,43,3,642.32,0,642.32,3,3,2,Loyal Customers
17548,234,1,103.3,244.78,-141.48,1,1,1,Lost
17549,24,2,148.86,0,148.86,3,2,1,Regular Customers
17550,197,3,267.16,0,267.16,1,3,1,At Risk
17551,359,1,290.34,0,290.34,1,1,1,Lost
17552,60,4,930.41,20.45,909.96,2,3,3,At Risk
17553,130,1,1487.6,0,1487.6,2,1,3,At Risk
17554,1,5,1952.45,0,1952.45,4,4,4,Champions
17555,20,2,480.31,0,480.31,3,2,2,Regular Customers
17556,206,1,157.9,0,157.9,1,1,1,Lost
17557,14,3,541.46,0,541.46,4,3,2,Loyal Customers
17560,95,4,854.95,0,854.95,2,3,3,At Risk
17561,19,1,165.12,0,165.12,3,1,1,Regular Customers
17562,14,7,1122.38,15,1107.38,4,4,3,Champions
17564,24,3,454.01,0,454.01,3,3,2,Loyal Customers
17566,8,2,869.77,0,869.77,4,2,3,Regular Customers
17567,7,8,4331.48,318.92,4012.56,4,4,4,Champions
17569,332,1,344.14,0,344.14,1,1,2,Lost
17571,50,4,1425.67,0,1425.67,3,3,3,Champions
17572,71,4,226.75,0,226.75,2,3,1,At Risk
17573,29,3,380.6,17.7,362.9,3,3,2,Loyal Customers
17574,243,1,185.65,0,185.65,1,1,1,Lost
17576,8,19,3564.83,164.9,3399.93,4,4,4,Champions
17578,218,1,143.46,18.72,124.74,1,1,1,Lost
17579,5,3,448.9,8.7,440.2,4,3,2,Loyal Customers
17580,253,3,215.72,0,215.72,1,3,1,At Risk
17581,1,25,11025.24,308.93,10716.31,4,4,4,Champions
17582,236,1,175.27,0,175.27,1,1,1,Lost
17584,7,2,1242.3,15,1227.3,4,2,3,Regular Customers
17585,109,4,1116.68,0,1116.68,2,3,3,At Risk
17588,100,3,1240.2,0,1240.2,2,3,3,At Risk
17589,60,4,2404.17,0,2404.17,2,3,4,At Risk
17590,2,3,1468.02,0,1468.02,4,3,3,Champions
17591,73,7,2203.67,10.95,2192.72,2,4,4,At Risk
17593,4,5,3923.86,15.78,3908.08,4,4,4,Champions
17594,85,2,993.18,0,993.18,2,2,3,At Risk
17595,12,2,386.69,0,386.69,4,2,2,Regular Customers
17596,23,7,2806.69,0,2806.69,3,4,4,Champions
17597,214,1,2044.37,0,2044.37,1,1,4,At Risk
17600,18,1,161.67,0,161.67,3,1,1,Regular Customers
17601,239,1,116.01,0,116.01,1,1,1,Lost
17602,2,6,5054.42,52.2,5002.22,4,4,4,Champions
17603,78,1,394.72,1560.02,-1165.3,2,1,1,Regular Customers
17604,217,2,309.36,0,309.36,1,2,2,Lost
17608,33,2,191.99,0,191.99,3,2,1,Regular Customers
17609,41,5,1105.78,8.3,1097.48,3,4,3,Champions
17611,7,15,3961.12,36.35,3924.77,4,4,4,Champions
17612,53,6,2048.45,55.69,1992.76,2,4,4,At Risk
17613,23,14,4544.55,49.78,4494.77,3,4,4,Champions
17614,57,1,386.32,0,386.32,2,1,2,Regular Customers
17615,130,3,329.6,0,329.6,2,3,2,At Risk
17616,174,3,571.2,0,571.2,1,3,2,At Risk
17618,6,3,930.28,0,930.28,4,3,3,Champions
17619,312,1,214.37,0,214.37,1,1,1,Lost
17620,60,1,81.44,0,81.44,2,1,1,Regular Customers
17621,21,3,1379.9,43.8,1336.1,3,3,3,Champions
17623,33,1,527.05,0,527.05,3,1,2,Regular Customers
17624,15,2,843.48,0,843.48,4,2,3,Regular Customers
17625,18,4,2020.4,0,2020.4,3,3,4,Champions
17628,81,1,75.75,0,75.75,2,1,1,Regular Customers
17629,6,8,1814.12,30,1784.12,4,4,4,Champions
17630,170,2,503.6,0,503.6,1,2,2,Lost
17631,2,3,528.33,0,528.33,4,3,2,Loyal Customers
17633,31,4,1324.84,82.5,1242.34,3,3,3,Champions
17634,36,9,2358.59,0,2358.59,3,4,4,Champions
17636,19,1,285.56,19.63,265.93,3,1,1,Regular Customers
17637,31,2,547.06,0,547.06,3,2,2,Regular Customers
17639,276,1,108.5,0,108.5,1,1,1,Lost
17640,87,1,621.66,0,621.66,2,1,2,Regular Customers
17642,120,2,712.29,0,712.29,2,2,3,At Risk
17643,373,1,101.55,0,101.55,1,1,1,Lost
17644,1,11,2895.64,126.66,2768.98,4,4,4,Champions
17646,219,3,1008.39,12.73,995.66,1,3,3,At Risk
17647,65,1,133.06,0,133.06,2,1,1,Regular Customers
17648,61,4,1797.5,7.95,1789.55,2,3,4,At Risk
17649,138,1,868.49,6.75,861.74,2,1,3,At Risk
17650,21,1,166.08,0,166.08,3,1,1,Regular Customers
17651,12,10,3945,58.33,3886.67,4,4,4,Champions
17652,25,12,4867.72,130.59,4737.13,3,4,4,Champions
17653,37,4,1207.56,31.68,1175.88,3,3,3,Champions
17654,277,1,117.55,0,117.55,1,1,1,Lost
17655,11,7,2638.94,67.2,2571.74,4,4,4,Champions
17656,73,5,1674.69,0,1674.69,2,4,4,At Risk
17658,26,2,595.42,109.54,485.88,3,2,2,Regular Customers
17659,17,12,2999.46,44.71,2954.75,4,4,4,Champions
17660,141,1,178.75,0,178.75,2,1,1,Regular Customers
17663,26,7,1802.91,14.64,1788.27,3,4,4,Champions
17664,19,2,604.64,0,604.64,3,2,2,Regular Customers
17666,4,2,728.16,0,728.16,4,2,3,Regular Customers
17667,66,5,2055.51,0,2055.51,2,4,4,At Risk
17668,1,2,347.75,0,347.75,4,2,2,Regular Customers
17669,43,7,3406.72,0,3406.72,3,4,4,Champions
17670,228,1,205.7,0,205.7,1,1,1,Lost
17671,16,4,1572.71,288.63,1284.08,4,3,3,Champions
17672,50,2,3178.17,71.55,3106.62,3,2,4,Regular Customers
17673,2,6,1594.97,6.9,1588.07,4,4,3,Champions
17674,74,2,551.04,0,551.04,2,2,2,Regular Customers
17675,1,31,20374.28,276.18,20098.1,4,4,4,Champions
17676,4,6,1371.18,4.41,1366.77,4,4,3,Champions
17677,2,30,16345.38,144.01,16201.37,4,4,4,Champions
17678,264,1,298.11,0,298.11,1,1,2,Lost
17679,53,2,1992.11,0,1992.11,2,2,4,At Risk
17680,24,1,184.4,0,184.4,3,1,1,Regular Customers
17682,10,6,2474.33,15,2459.33,4,4,4,Champions
17684,44,1,239.41,0,239.41,3,1,1,Regular Customers
17685,17,7,3155.83,0,3155.83,4,4,4,Champions
17686,7,7,5739.46,0,5739.46,4,4,4,Champions
17690,30,15,4726.8,9.5,4717.3,3,4,4,Champions
17691,358,2,290.4,0,290.4,1,2,1,Lost
17692,127,4,740.94,7.5,733.44,2,3,3,At Risk
17693,137,1,200.47,13.45,187.02,2,1,1,Regular Customers
17694,142,1,283.12,0,283.12,2,1,1,Regular Customers
17695,132,2,765.34,0,765.34,2,2,3,At Risk
17696,38,8,2285.71,84.66,2201.05,3,4,4,Champions
17697,236,1,338.95,0,338.95,1,1,2,Lost
17698,261,1,154.95,0,154.95,1,1,1,Lost
17700,17,4,2534.64,25.75,2508.89,4,3,4,Champions
17701,253,1,417.95,0,417.95,1,1,2,Lost
17702,30,4,1824.37,104.65,1719.72,3,3,4,Champions
17703,35,3,798.74,0,798.74,3,3,3,Champions
17704,169,2,885.19,0,885.19,1,2,3,At Risk
17705,3,9,1823.52,42.4,1781.12,4,4,4,Champions
17706,4,17,10504.49,407.12,10097.37,4,4,4,Champions
17707,185,2,152.4,0,152.4,1,2,1,Lost
17708,188,2,263.33,0,263.33,1,2,1,Lost
17709,170,1,137.45,0,137.45,1,1,1,Lost
17711,11,2,385.1,0,385.1,4,2,2,Regular Customers
17712,45,1,522.91,0,522.91,3,1,2,Regular Customers
17714,321,1,153,0,153,1,1,1,Lost
17715,201,1,326.4,0,326.4,1,1,2,Lost
17716,23,11,5655.99,150.2,5505.79,3,4,4,Champions
17718,232,1,139.35,0,139.35,1,1,1,Lost
17719,38,15,5396.04,28.24,5367.8,3,4,4,Champions
17720,26,4,1195.94,0,1195.94,3,3,3,Champions
17722,96,4,2424.04,43.4,2380.64,2,3,4,At Risk
17723,127,6,3276.4,0,3276.4,2,4,4,At Risk
17724,71,3,1033,37.35,995.65,2,3,3,At Risk
17725,16,11,3439.08,67.95,3371.13,4,4,4,Champions
17727,15,1,1060.25,17.7,1042.55,4,1,3,Regular Customers
17728,4,3,2876.01,360.33,2515.68,4,3,4,Champions
17730,3,13,5298.48,9.65,5288.83,4,4,4,Champions
17731,79,4,1240.11,361.91,878.2,2,3,3,At Risk
17732,373,1,303.97,0,303.97,1,1,2,Lost
17733,39,2,692.19,0,692.19,3,2,3,Regular Customers
17734,54,3,700.63,0,700.63,2,3,3,At Risk
17735,2,19,13110.02,0,13110.02,4,4,4,Champions
17736,9,3,377.44,39.95,337.49,4,3,2,Loyal Customers
17737,9,2,168.24,0,168.24,4,2,1,Regular Customers
17738,19,4,1879.05,15.7,1863.35,3,3,4,Champions
17739,12,7,2791.35,5.3,2786.05,4,4,4,Champions
17742,113,2,355.11,0,355.11,2,2,2,Regular Customers
17744,4,6,2322.4,31.32,2291.08,4,4,4,Champions
17746,240,1,110.25,11.45,98.8,1,1,1,Lost
17747,113,1,71.4,6.75,64.65,2,1,1,Regular Customers
17749,178,2,674.52,0,674.52,1,2,3,At Risk
17750,5,9,1710.45,0,1710.45,4,4,4,Champions
17752,359,1,80.64,0,80.64,1,1,1,Lost
17754,1,5,1664.65,32.34,1632.31,4,4,4,Champions
17757,1,30,5593.39,19.8,5573.59,4,4,4,Champions
17758,19,8,3408.2,0,3408.2,3,4,4,Champions
17759,17,3,819.96,0,819.96,4,3,3,Champions
17760,22,2,287.59,0,287.59,3,2,1,Regular Customers
17761,33,1,712.78,0,712.78,3,1,3,Regular Customers
17763,263,1,15,0,15,1,1,1,Lost
17764,51,2,772.55,0,772.55,2,2,3,At Risk
17765,159,3,367.63,0,367.63,1,3,2,At Risk
17767,15,1,271.2,0,271.2,4,1,1,Regular Customers
17768,8,3,2081.9,0,2081.9,4,3,4,Champions
17769,13,10,3957.43,37.35,3920.08,4,4,4,Champions
17770,199,5,1143.27,0,1143.27,1,4,3,At Risk
17771,57,2,245.81,0,245.81,2,2,1,Regular Customers
17772,11,2,173.45,0,173.45,4,2,1,Regular Customers
17774,97,4,1213.73,9.95,1203.78,2,3,3,At Risk
17775,255,1,56.4,0,56.4,1,1,1,Lost
17777,25,3,647.56,0,647.56,3,3,2,Loyal Customers
17779,21,3,650.32,16.4,633.92,3,3,2,Loyal Customers
17781,159,2,188.02,0,188.02,1,2,1,Lost
17783,72,2,283.47,0,283.47,2,2,1,Regular Customers
17785,53,1,131.94,0,131.94,2,1,1,Regular Customers
17786,85,2,266.85,0,266.85,2,2,1,Regular Customers
17787,153,4,1817.54,0,1817.54,1,3,4,At Risk
17788,74,2,1117.9,0,1117.9,2,2,3,At Risk
17789,281,1,225.9,0,225.9,1,1,1,Lost
17790,27,14,1964.3,0,1964.3,3,4,4,Champions
17791,30,1,106.1,0,106.1,3,1,1,Regular Customers
17793,25,1,300.34,0,300.34,3,1,2,Regular Customers
17795,180,2,342.83,0,342.83,1,2,2,Lost
17796,40,4,690,0,690,3,3,3,Champions
17797,22,3,780.43,0,780.43,3,3,3,Champions
17799,22,10,3039.17,29.85,3009.32,3,4,4,Champions
17800,37,9,1187.21,0,1187.21,3,4,3,Champions
17802,82,3,1285.04,33.2,1251.84,2,3,3,At Risk
17805,74,1,512.31,0,512.31,2,1,2,Regular Customers
17806,11,1,546.04,0,546.04,4,1,2,Regular Customers
17809,16,12,5411.91,784.29,4627.62,4,4,4,Champions
17811,4,39,7761.82,160.02,7601.8,4,4,4,Champions
17812,13,4,699.81,0,699.81,4,3,3,Champions
17813,14,5,1698.07,56.28,1641.79,4,4,4,Champions
17816,37,4,36.56,0,36.56,3,3,1,Loyal Customers
17817,4,3,387.68,0,387.68,4,3,2,Loyal Customers
17819,72,7,3704.87,43.8,3661.07,2,4,4,At Risk
17824,51,1,298.4,0,298.4,2,1,2,Regular Customers
17827,5,5,1987.33,0,1987.33,4,4,4,Champions
17828,23,4,1820.09,220.12,1599.97,3,3,3,Champions
17829,299,1,889.24,0,889.24,1,1,3,At Risk
17830,2,3,398.7,0,398.7,4,3,2,Loyal Customers
17831,33,1,35.4,0,35.4,3,1,1,Regular Customers
17832,50,1,155.37,0,155.37,3,1,1,Regular Customers
17835,3,3,342.24,0,342.24,4,3,2,Loyal Customers
17836,47,1,110.21,0,110.21,3,1,1,Regular Customers
17837,42,8,1541.23,32.85,1508.38,3,4,3,Champions
17838,27,5,2720.8,453.4,2267.4,3,4,4,Champions
17839,42,1,318.15,0,318.15,3,1,2,Regular Customers
17841,2,124,40519.84,650.79,39869.05,4,4,4,Champions
17843,303,1,205.48,0,205.48,1,1,1,Lost
17844,107,1,51.56,0,51.56,2,1,1,Regular Customers
17846,85,1,2033.1,0,2033.1,2,1,4,At Risk
17848,81,9,901.2,0,901.2,2,4,3,At Risk
17849,218,4,605.8,0,605.8,1,3,2,At Risk
17850,372,34,5391.21,87.73,5303.48,1,4,4,At Risk
17852,12,2,114.34,0,114.34,4,2,1,Regular Customers
17854,185,2,311.26,0,311.26,1,2,2,Lost
17855,373,1,208.97,0,208.97,1,1,1,Lost
17856,2,4,1418.03,24.24,1393.79,4,3,3,Champions
17857,4,23,26879.04,115.7,26763.34,4,4,4,Champions
17858,6,12,5140.66,0,5140.66,4,4,4,Champions
17859,305,1,141.92,0,141.92,1,1,1,Lost
17860,369,1,226.45,0,226.45,1,1,1,Lost
17861,3,8,2097.88,41.6,2056.28,4,4,4,Champions
17862,324,1,330.9,0,330.9,1,1,2,Lost
17863,59,6,3160,0,3160,2,4,4,At Risk
17864,13,3,554.85,0,554.85,4,3,2,Loyal Customers
17865,31,20,10526.32,367.78,10158.54,3,4,4,Champions
17866,143,1,329.65,3.95,325.7,1,1,2,Lost
17867,30,6,1157.87,574.35,583.52,3,4,2,Loyal Customers
17869,107,5,428.18,0,428.18,2,4,2,At Risk
17870,2,12,1865.89,4.95,1860.94,4,4,4,Champions
17871,205,1,155.9,0,155.9,1,1,1,Lost
17873,80,5,1848.96,94.8,1754.16,2,4,4,At Risk
17874,185,6,683.46,25.2,658.26,1,4,3,At Risk
17877,170,1,237.61,0,237.61,1,1,1,Lost
17878,44,1,379.45,0,379.45,3,1,2,Regular Customers
17879,174,1,178.52,0,178.52,1,1,1,Lost
17880,365,1,458.92,0,458.92,1,1,2,Lost
17881,304,1,133.35,0,133.35,1,1,1,Lost
17883,3,4,664.34,0,664.34,4,3,3,Champions
17884,4,4,695.07,0,695.07,4,3,3,Champions
17885,12,1,156.34,0,156.34,4,1,1,Regular Customers
17886,32,3,869.28,0,869.28,3,3,3,Champions
17887,129,1,111.35,0,111.35,2,1,1,Regular Customers
17888,21,8,716,200.27,515.73,3,4,2,Loyal Customers
17889,212,2,201.37,0,201.37,1,2,1,Lost
17890,323,2,586.89,0,586.89,1,2,2,Lost
17891,162,1,203.86,0,203.86,1,1,1,Lost
17892,56,3,244.1,0,244.1,2,3,1,At Risk
17893,225,1,107.21,0,107.21,1,1,1,Lost
17894,72,8,1118.96,0,1118.96,2,4,3,At Risk
17895,44,1,95.45,0,95.45,3,1,1,Regular Customers
17896,23,1,256.32,0,256.32,3,1,1,Regular Customers
17897,173,3,541.81,25.5,516.31,1,3,2,At Risk
17898,85,2,152.06,0,152.06,2,2,1,Regular Customers
17899,159,1,154.55,0,154.55,1,1,1,Lost
17900,190,2,112.2,97.2,15,1,2,1,Lost
17901,29,1,110.38,0,110.38,3,1,1,Regular Customers
17904,21,1,181.07,12.75,168.32,3,1,1,Regular Customers
17905,71,4,798.99,0,798.99,2,3,3,At Risk
17906,247,1,72.9,0,72.9,1,1,1,Lost
17908,374,1,232.03,0,232.03,1,1,1,Lost
17911,9,1,366.23,0,366.23,4,1,2,Regular Customers
17912,310,5,310.06,15.4,294.66,1,4,1,At Risk
17913,59,2,408.65,0,408.65,2,2,2,Regular Customers
17914,4,1,329.36,0,329.36,4,1,2,Regular Customers
17917,45,3,335.03,0,335.03,3,3,2,Loyal Customers
17919,88,1,1304.04,0,1304.04,2,1,3,At Risk
17920,4,17,4119.5,0,4119.5,4,4,4,Champions
17921,64,4,820.23,0,820.23,2,3,3,At Risk
17923,282,1,207.5,0,207.5,1,1,1,Lost
17924,12,7,2962.5,68.17,2894.33,4,4,4,Champions
17925,373,1,244.08,0,244.08,1,1,1,Lost
17926,133,2,397.29,0,397.29,2,2,2,Regular Customers
17928,45,2,212.54,0,212.54,3,2,1,Regular Customers
17929,11,4,843,8.5,834.5,4,3,3,Champions
17930,36,5,1740.48,0,1740.48,3,4,4,Champions
17931,134,2,408.36,0,408.36,2,2,2,Regular Customers
17932,29,3,1331.57,0,1331.57,3,3,3,Champions
17934,52,2,704.25,0,704.25,2,2,3,At Risk
17935,138,2,145.79,0,145.79,2,2,1,Regular Customers
17936,5,1,380.13,0,380.13,4,1,2,Regular Customers
17937,9,7,4301.22,0,4301.22,4,4,4,Champions
17939,160,1,99.14,0,99.14,1,1,1,Lost
17940,49,10,4020.04,2122.86,1897.18,3,4,4,Champions
17941,131,1,304.56,0,304.56,2,1,2,Regular Customers
17942,8,1,77.5,0,77.5,4,1,1,Regular Customers
17946,233,2,149.58,0,149.58,1,2,1,Lost
17947,37,1,176.68,0,176.68,3,1,1,Regular Customers
17948,147,1,358.56,0,358.56,1,1,2,Lost
17949,1,45,58510.48,5759.64,52750.84,4,4,4,Champions
17950,72,3,482.2,10.08,472.12,2,3,2,At Risk
17951,40,3,1008.54,17.7,990.84,3,3,3,Champions
17954,5,12,2314.13,37.35,2276.78,4,4,4,Champions
17955,199,4,557.3,0,557.3,1,3,2,At Risk
17956,249,1,12.75,0,12.75,1,1,1,Lost
17957,66,1,111.68,0,111.68,2,1,1,Regular Customers
17958,117,1,508.46,0,508.46,2,1,2,Regular Customers
17960,171,1,73.78,0,73.78,1,1,1,Lost
17961,21,39,1296.44,0,1296.44,3,4,3,Champions
17962,142,1,102.41,0,102.41,2,1,1,Regular Customers
17964,32,2,463.21,0,463.21,3,2,2,Regular Customers
17965,38,14,2599.19,0,2599.19,3,4,4,Champions
17966,38,5,1098.43,0,1098.43,3,4,3,Champions
17967,372,1,112.27,0,112.27,1,1,1,Lost
17968,374,1,265.1,0,265.1,1,1,1,Lost
17969,166,2,228.2,0,228.2,1,2,1,Lost
17970,211,1,562.79,0,562.79,1,1,2,Lost
17972,242,1,135.19,0,135.19,1,1,1,Lost
17973,52,1,337.04,0,337.04,2,1,2,Regular Customers
17974,25,3,703.99,0,703.99,3,3,3,Champions
17975,15,13,4483.26,95.2,4388.06,4,4,4,Champions
17976,372,1,321.79,0,321.79,1,1,2,Lost
17977,29,1,288.14,0,288.14,3,1,1,Regular Customers
17978,365,1,300.92,0,300.92,1,1,2,Lost
17979,36,4,732.41,19.9,712.51,3,3,3,Champions
17980,166,3,811.45,0,811.45,1,3,3,At Risk
17984,145,1,152.68,0,152.68,1,1,1,Lost
17985,22,1,631.35,0,631.35,3,1,2,Regular Customers
17986,56,1,20.8,0,20.8,2,1,1,Regular Customers
17987,185,1,198.57,0,198.57,1,1,1,Lost
17988,12,7,201.12,9.95,191.17,4,4,1,Loyal Customers
17990,237,3,630.84,0,630.84,1,3,2,At Risk
17991,225,2,93.35,0,93.35,1,2,1,Lost
17994,122,4,674.89,48.8,626.09,2,3,2,At Risk
17995,282,1,76.1,0,76.1,1,1,1,Lost
17997,74,8,1962.46,459.37,1503.09,2,4,3,At Risk
17999,37,2,380.39,0,380.39,3,2,2,Regular Customers
18001,12,2,415.13,0,415.13,4,2,2,Regular Customers
18004,362,1,157.92,0,157.92,1,1,1,Lost
18005,4,2,226.47,0,226.47,4,2,1,Regular Customers
18006,23,1,444.68,0,444.68,3,1,2,Regular Customers
18008,70,9,2116.19,0,2116.19,2,4,4,At Risk
18009,235,1,247.39,5.1,242.29,1,1,1,Lost
18010,257,1,174.8,0,174.8,1,1,1,Lost
18011,373,1,102.79,0,102.79,1,1,1,Lost
18013,155,2,187.29,0,187.29,1,2,1,Lost
18014,28,1,162.22,0,162.22,3,1,1,Regular Customers
18015,4,1,120.03,0,120.03,4,1,1,Regular Customers
18016,32,5,1477.66,0,1477.66,3,4,3,Champions
18017,81,3,523,0,523,2,3,2,At Risk
18018,108,2,122.14,0,122.14,2,2,1,Regular Customers
18019,52,1,38.45,0,38.45,2,1,1,Regular Customers
18022,36,1,612.72,0,612.72,3,1,2,Regular Customers
18024,153,2,389.78,153,236.78,1,2,1,Lost
18027,99,1,115.31,0,115.31,2,1,1,Regular Customers
18030,4,2,230.65,9.95,220.7,4,2,1,Regular Customers
18032,334,1,73.5,0,73.5,1,1,1,Lost
18033,65,1,93.82,0,93.82,2,1,1,Regular Customers
18034,22,2,418.68,0,418.68,3,2,2,Regular Customers
18035,36,3,713.89,0,713.89,3,3,3,Champions
18036,32,3,403.12,0,403.12,3,3,2,Loyal Customers
18037,154,6,70.02,0,70.02,1,4,1,At Risk
18040,19,2,357.2,0,357.2,3,2,2,Regular Customers
18041,12,21,4097.37,22.25,4075.12,4,4,4,Champions
18042,54,1,165.05,0,165.05,2,1,1,Regular Customers
18043,25,3,529.29,0,529.29,3,3,2,Loyal Customers
18044,4,10,2088.6,2.95,2085.65,4,4,4,Champions
18045,45,1,178.34,0,178.34,3,1,1,Regular Customers
18048,203,2,172.29,0,172.29,1,2,1,Lost
18050,359,1,74.4,0,74.4,1,1,1,Lost
18053,71,1,300.02,2.95,297.07,2,1,1,Regular Customers
18055,7,10,6761.34,32.05,6729.29,4,4,4,Champions
18056,288,1,363.65,0,363.65,1,1,2,Lost
18058,10,1,170.16,0,170.16,4,1,1,Regular Customers
18059,23,3,306.46,9.75,296.71,3,3,1,Loyal Customers
18061,22,10,2119.41,0,2119.41,3,4,4,Champions
18062,173,3,720.52,0,720.52,1,3,3,At Risk
18064,133,2,814,0,814,2,2,3,At Risk
18065,6,14,2392.83,12.75,2380.08,4,4,4,Champions
18066,75,1,318,0,318,2,1,2,Regular Customers
18067,40,1,396.33,0,396.33,3,1,2,Regular Customers
18068,289,1,101.7,0,101.7,1,1,1,Lost
18069,26,5,2009.24,14.85,1994.39,3,4,4,Champions
18071,258,2,453,0,453,1,2,2,Lost
18072,186,1,247.44,247.44,0,1,1,1,Lost
18073,114,12,3859.82,13.08,3846.74,2,4,4,At Risk
18074,374,1,489.6,0,489.6,1,1,2,Lost
18075,23,10,2611.75,73.03,2538.72,3,4,4,Champions
18077,8,11,2584.41,0,2584.41,4,4,4,Champions
18078,217,2,336.13,0,336.13,1,2,2,Lost
18079,45,4,3613.15,0,3613.15,3,3,4,Champions
18080,19,2,1231.5,0,1231.5,3,2,3,Regular Customers
18081,36,3,343.45,0,343.45,3,3,2,Loyal Customers
18082,26,1,680.84,0,680.84,3,1,3,Regular Customers
18084,16,1,90.48,2.95,87.53,4,1,1,Regular Customers
18085,330,2,689.95,0,689.95,1,2,3,At Risk
18086,274,1,101.34,0,101.34,1,1,1,Lost
18087,98,2,4055.72,285.6,3770.12,2,2,4,At Risk
18088,61,1,166.03,0,166.03,2,1,1,Regular Customers
18092,2,11,9068.26,2.5,9065.76,4,4,4,Champions
18093,93,4,2106.52,23.1,2083.42,2,3,4,At Risk
18094,82,7,3017.3,0,3017.3,2,4,4,At Risk
18095,313,2,580.05,0,580.05,1,2,2,Lost
18096,12,3,849.06,0,849.06,4,3,3,Champions
18097,8,6,2662.4,4.95,2657.45,4,4,4,Champions
18099,127,1,168.31,0,168.31,2,1,1,Regular Customers
18101,11,2,222.4,0,222.4,4,2,1,Regular Customers
18102,1,60,259657.3,3218.81,256438.49,4,4,4,Champions
18104,37,1,754.64,0,754.64,3,1,3,Regular Customers
18105,38,1,113.48,0,113.48,3,1,1,Regular Customers
18106,330,1,421.9,0,421.9,1,1,2,Lost
18108,254,1,271,6.35,264.65,1,1,1,Lost
18109,2,26,8004.92,127.65,7877.27,4,4,4,Champions
18110,20,1,198.8,30.25,168.55,3,1,1,Regular Customers
18112,12,2,352.69,0,352.69,4,2,2,Regular Customers
18113,369,1,76.32,0,76.32,1,1,1,Lost
18114,290,1,220.1,0,220.1,1,1,1,Lost
18116,68,8,1403.11,0,1403.11,2,4,3,At Risk
18117,26,1,315.65,0,315.65,3,1,2,Regular Customers
18118,11,26,5625.08,58.05,5567.03,4,4,4,Champions
18119,368,1,180.7,0,180.7,1,1,1,Lost
18120,214,1,111.15,0,111.15,1,1,1,Lost
18121,149,2,653.3,0,653.3,1,2,3,At Risk
18122,8,6,1793.06,0,1793.06,4,4,4,Champions
18123,24,2,574.44,0,574.44,3,2,2,Regular Customers
18125,30,4,1131.75,1.65,1130.1,3,3,3,Champions
18126,61,1,200.92,0,200.92,2,1,1,Regular Customers
18127,19,3,347.08,0,347.08,3,3,2,Loyal Customers
18129,243,1,112.55,0,112.55,1,1,1,Lost
18130,15,3,1059.39,13.65,1045.74,4,3,3,Champions
18133,212,1,931.5,216,715.5,1,1,3,At Risk
18135,29,5,681.91,0,681.91,3,4,3,Champions
18136,63,3,784.33,22.5,761.83,2,3,3,At Risk
18138,295,1,152.65,0,152.65,1,1,1,Lost
18139,18,6,8438.34,45.12,8393.22,3,4,4,Champions
18142,157,2,1019.52,4.62,1014.9,1,2,3,At Risk
18143,117,2,1000.16,0,1000.16,2,2,3,At Risk
18144,8,12,2888.75,0,2888.75,4,4,4,Champions
18145,13,4,2861.55,0,2861.55,4,3,4,Champions
18146,141,2,160.35,0,160.35,2,2,1,Regular Customers
18147,46,2,179.34,0,179.34,3,2,1,Regular Customers
18149,51,3,612.08,0,612.08,2,3,2,At Risk
18150,32,3,566.58,0,566.58,3,3,2,Loyal Customers
18151,135,2,653.35,0,653.35,2,2,3,At Risk
18154,3,2,399.19,0,399.19,4,2,2,Regular Customers
18155,75,3,371.62,23.8,347.82,2,3,2,At Risk
18156,13,2,675.64,0,675.64,4,2,3,Regular Customers
18158,9,2,453.4,1.65,451.75,4,2,2,Regular Customers
18159,301,1,530.15,0,530.15,1,1,2,Lost
18160,57,2,638.06,0,638.06,2,2,2,Regular Customers
18161,15,5,1618.69,5.9,1612.79,4,4,3,Champions
18164,37,1,399.65,4.95,394.7,3,1,2,Regular Customers
18165,177,1,302.46,0,302.46,1,1,2,Lost
18167,23,3,1384.86,29.35,1355.51,3,3,3,Champions
18168,176,6,1160.04,36.3,1123.74,1,4,3,At Risk
18169,61,1,202.65,0,202.65,2,1,1,Regular Customers
18170,33,3,980.31,0,980.31,3,3,3,Champions
18171,59,5,1231.31,22.8,1208.51,2,4,3,At Risk
18172,15,20,7561.68,71.51,7490.17,4,4,4,Champions
18173,87,4,2106.84,0,2106.84,2,3,4,At Risk
18174,7,1,104,0,104,4,1,1,Regular Customers
18176,358,1,476.35,27.7,448.65,1,1,2,Lost
18177,31,6,1340.87,27.25,1313.62,3,4,3,Champions
18178,129,4,1590.81,17.4,1573.41,2,3,3,At Risk
18179,9,6,1793.17,0,1793.17,4,4,4,Champions
18180,5,6,1843.75,0,1843.75,4,4,4,Champions
18181,24,1,366.85,0,366.85,3,1,2,Regular Customers
18183,227,2,632.07,31.55,600.52,1,2,2,Lost
18184,15,1,49.8,0,49.8,4,1,1,Regular Customers
18185,249,1,304.25,0,304.25,1,1,2,Lost
18188,15,3,2001.04,2.55,1998.49,4,3,4,Champions
18189,78,2,1090.24,5.9,1084.34,2,2,3,At Risk
18190,192,2,284.46,9.95,274.51,1,2,1,Lost
18191,262,1,207.8,0,207.8,1,1,1,Lost
18192,72,1,957.97,0,957.97,2,1,3,At Risk
18193,165,1,243.76,30.8,212.96,1,1,1,Lost
18194,82,1,973.84,77.84,896,2,1,3,At Risk
18196,95,2,686.63,0,686.63,2,2,3,At Risk
18198,4,17,5425.56,342.5,5083.06,4,4,4,Champions
18200,106,1,150.35,0,150.35,2,1,1,Regular Customers
18202,200,3,1396.99,0,1396.99,1,3,3,At Risk
18203,157,1,160.42,0,160.42,1,1,1,Lost
18204,71,3,1975.35,14.4,1960.95,2,3,4,At Risk
18205,36,2,517.36,0,517.36,3,2,2,Regular Customers
18209,29,1,139.1,0,139.1,3,1,1,Regular Customers
18210,2,6,2621.38,0,2621.38,4,4,4,Champions
18211,26,5,600.07,0,600.07,3,4,2,Loyal Customers
18212,326,1,216.07,0,216.07,1,1,1,Lost
18213,237,1,232.48,0,232.48,1,1,1,Lost
18215,89,1,299.34,0,299.34,2,1,2,Regular Customers
18216,31,1,481.75,0,481.75,3,1,2,Regular Customers
18217,29,2,621.75,0,621.75,3,2,2,Regular Customers
18218,211,2,641.92,35.7,606.22,1,2,2,Lost
18219,3,10,2069.77,50,2019.77,4,4,4,Champions
18220,227,1,305.28,7.5,297.78,1,1,1,Lost
18221,22,5,1041.61,8.3,1033.31,3,4,3,Champions
18222,93,1,443,0,443,2,1,2,Regular Customers
18223,5,14,6484.54,169.31,6315.23,4,4,4,Champions
18224,264,1,158.95,0,158.95,1,1,1,Lost
18225,3,12,5504.96,148.1,5356.86,4,4,4,Champions
18226,44,11,5228.05,35.95,5192.1,3,4,4,Champions
18227,218,1,93.75,0,93.75,1,1,1,Lost
18228,57,2,779.9,10.7,769.2,2,2,3,At Risk
18229,12,20,7276.9,0,7276.9,4,4,4,Champions
18230,9,7,2810.2,93.6,2716.6,4,4,4,Champions
18231,192,5,2071.77,17.1,2054.67,1,4,4,At Risk
18232,82,4,592.97,10.5,582.47,2,3,2,At Risk
18233,326,1,440,0,440,1,1,2,Lost
18235,72,3,1796.48,0,1796.48,2,3,4,At Risk
18236,30,6,882.24,0,882.24,3,4,3,Champions
18237,3,5,987.1,0,987.1,4,4,3,Champions
18239,219,5,1561.61,0,1561.61,1,4,3,At Risk
18240,46,1,422.58,0,422.58,3,1,2,Regular Customers
18241,10,17,2073.09,15,2058.09,4,4,4,Champions
18242,72,4,2232.49,0,2232.49,2,3,4,At Risk
18245,7,7,2567.06,59.5,2507.56,4,4,4,Champions
18246,24,2,596.1,0,596.1,3,2,2,Regular Customers
18248,123,2,804.02,21,783.02,2,2,3,At Risk
18249,17,1,95.34,0,95.34,4,1,1,Regular Customers
18250,310,1,349.27,6.35,342.92,1,1,2,Lost
18251,87,1,4314.72,0,4314.72,2,1,4,At Risk
18252,51,2,518.27,0,518.27,2,2,2,Regular Customers
18255,89,1,103.3,0,103.3,2,1,1,Regular Customers
18257,39,8,2337.63,72.25,2265.38,3,4,4,Champions
18259,25,3,2338.6,0,2338.6,3,3,4,Champions
18260,173,6,2628.35,48.2,2580.15,1,4,4,At Risk
18261,43,2,324.24,0,324.24,3,2,2,Regular Customers
18262,140,1,149.48,0,149.48,2,1,1,Regular Customers
18263,26,3,1213.16,2.08,1211.08,3,3,3,Champions
18265,72,2,801.51,0,801.51,2,2,3,At Risk
18268,134,1,25.5,25.5,0,2,1,1,Regular Customers
18269,366,1,168.6,29.7,138.9,1,1,1,Lost
18270,38,2,283.15,44.2,238.95,3,2,1,Regular Customers
18272,3,6,3078.58,13.8,3064.78,4,4,4,Champions
18273,2,3,204,0,204,4,3,1,Loyal Customers
18274,30,1,175.92,175.92,0,3,1,1,Regular Customers
18276,44,1,335.86,12.5,323.36,3,1,2,Regular Customers
18277,58,1,110.38,12.75,97.63,2,1,1,Regular Customers
18278,74,1,173.9,0,173.9,2,1,1,Regular Customers
18280,278,1,180.6,0,180.6,1,1,1,Lost
18281,181,1,80.82,0,80.82,1,1,1,Lost
18282,8,2,178.05,1.45,176.6,4,2,1,Regular Customers
18283,4,16,2045.53,0,2045.53,4,4,4,Champions
18287,43,3,1837.28,0,1837.28,3,3,4,Champions
